"protocol";"basisOfRecord";"species";"decimalLongitude";"decimalLatitude";"year";"countryCode";"gbifID";"institutionCode";"coordinateUncertaintyInMeters"
"DWC_ARCHIVE";"HUMAN_OBSERVATION";"Phormium colensoi";175,669266;-38,697582;2022;"NZL";"3455570715";"iNaturalist";NA
"DWC_ARCHIVE";"HUMAN_OBSERVATION";"Phormium colensoi";171,566667;-42,9;2022;"NZL";"3455973864";"iNaturalist";1589
"DWC_ARCHIVE";"HUMAN_OBSERVATION";"Phormium colensoi";173,081312;-41,385988;2022;"NZL";"3456088904";"iNaturalist";27816
"DWC_ARCHIVE";"HUMAN_OBSERVATION";"Phormium colensoi";174,65353;-37,093258;2022;"NZL";"3456169412";"iNaturalist";NA
"DWC_ARCHIVE";"HUMAN_OBSERVATION";"Phormium colensoi";172,998601;-43,827124;2022;"NZL";"3456204522";"iNaturalist";871
"DWC_ARCHIVE";"HUMAN_OBSERVATION";"Phormium colensoi";177,768989;-37,80527;2022;"NZL";"3456215961";"iNaturalist";4
"DWC_ARCHIVE";"HUMAN_OBSERVATION";"Phormium colensoi";172,9982;-43,831676;2022;"NZL";"3456465262";"iNaturalist";NA
"DWC_ARCHIVE";"HUMAN_OBSERVATION";"Phormium colensoi";174,668708;-36,890681;2022;"NZL";"3457108023";"iNaturalist";NA
"DWC_ARCHIVE";"HUMAN_OBSERVATION";"Phormium colensoi";175,813737;-39,803958;2022;"NZL";"3457182444";"iNaturalist";4
"DWC_ARCHIVE";"HUMAN_OBSERVATION";"Phormium colensoi";170,078498;-43,714272;2022;"NZL";"3465909752";"iNaturalist";38
"DWC_ARCHIVE";"HUMAN_OBSERVATION";"Phormium colensoi";174,687875;-36,932118;2022;"NZL";"3465969883";"iNaturalist";100
"DWC_ARCHIVE";"HUMAN_OBSERVATION";"Phormium colensoi";173,784167;-41,268056;2022;"NZL";"3466119129";"iNaturalist";NA
"DWC_ARCHIVE";"HUMAN_OBSERVATION";"Phormium colensoi";166,609151;-46,052852;2022;"NZL";"3466151049";"iNaturalist";30
"DWC_ARCHIVE";"HUMAN_OBSERVATION";"Phormium colensoi";171,55293;-43,533982;2022;"NZL";"3466444331";"iNaturalist";NA
"DWC_ARCHIVE";"HUMAN_OBSERVATION";"Phormium colensoi";174,730881;-38,860947;2022;"NZL";"3466444531";"iNaturalist";101
"DWC_ARCHIVE";"HUMAN_OBSERVATION";"Phormium colensoi";166,631756;-46,072792;2022;"NZL";"3468792905";"iNaturalist";NA
"DWC_ARCHIVE";"HUMAN_OBSERVATION";"Phormium colensoi";166,735321;-45,744876;2022;"NZL";"3468838573";"iNaturalist";977
"DWC_ARCHIVE";"HUMAN_OBSERVATION";"Phormium colensoi";171,412243;-42,359297;2022;"NZL";"3499498786";"iNaturalist";NA
"DWC_ARCHIVE";"HUMAN_OBSERVATION";"Phormium colensoi";172,322624;-41,613888;2022;"NZL";"3499514590";"iNaturalist";6
"DWC_ARCHIVE";"HUMAN_OBSERVATION";"Phormium colensoi";172,322479;-41,576716;2022;"NZL";"3499710369";"iNaturalist";4
"DWC_ARCHIVE";"HUMAN_OBSERVATION";"Phormium colensoi";174,70863;-36,823029;2022;"NZL";"3698282041";"iNaturalist";43
"DWC_ARCHIVE";"HUMAN_OBSERVATION";"Phormium colensoi";169,276853;-45,609214;2022;"NZL";"3747109619";"iNaturalist";15
"DWC_ARCHIVE";"HUMAN_OBSERVATION";"Phormium colensoi";172,612786;-41,087223;2022;"NZL";"3747323675";"iNaturalist";NA
"DWC_ARCHIVE";"HUMAN_OBSERVATION";"Phormium colensoi";166,955053;-45,293801;2022;"NZL";"3759625784";"iNaturalist";48
"DWC_ARCHIVE";"HUMAN_OBSERVATION";"Phormium colensoi";175,001034;-39,820504;2022;"NZL";"3759270872";"iNaturalist";907
"DWC_ARCHIVE";"HUMAN_OBSERVATION";"Phormium colensoi";174,867444;-41,403763;2022;"NZL";"3760389729";"iNaturalist";31
"DWC_ARCHIVE";"HUMAN_OBSERVATION";"Phormium colensoi";175,429571;-41,074878;2022;"NZL";"3764340897";"iNaturalist";5
"DWC_ARCHIVE";"HUMAN_OBSERVATION";"Phormium colensoi";170,869906;-43,130594;2022;"NZL";"3772870414";"iNaturalist";NA
"DWC_ARCHIVE";"HUMAN_OBSERVATION";"Phormium colensoi";174,019077;-39,128923;2022;"NZL";"3773079627";"iNaturalist";10
"DWC_ARCHIVE";"HUMAN_OBSERVATION";"Phormium colensoi";175,495514;-39,16811;2022;"NZL";"3773322063";"iNaturalist";NA
"DWC_ARCHIVE";"HUMAN_OBSERVATION";"Phormium colensoi";175,439988;-40,854133;2022;"NZL";"3773603943";"iNaturalist";9
"DWC_ARCHIVE";"HUMAN_OBSERVATION";"Phormium colensoi";172,55771;-43,560585;2022;"NZL";"3772584291";"iNaturalist";173
"DWC_ARCHIVE";"HUMAN_OBSERVATION";"Phormium colensoi";175,816103;-38,983845;2022;"NZL";"3773693764";"iNaturalist";4
"DWC_ARCHIVE";"HUMAN_OBSERVATION";"Phormium colensoi";175,669005;-38,697632;2021;"NZL";"3017991617";"iNaturalist";NA
"DWC_ARCHIVE";"HUMAN_OBSERVATION";"Phormium colensoi";173,696914;-41,411562;2021;"NZL";"3031686867";"iNaturalist";NA
"DWC_ARCHIVE";"HUMAN_OBSERVATION";"Phormium colensoi";171,55851;-42,912242;2021;"NZL";"3031747859";"iNaturalist";156
"DWC_ARCHIVE";"HUMAN_OBSERVATION";"Phormium colensoi";168,731425;-45,024726;2021;"NZL";"3032080234";"iNaturalist";21
"DWC_ARCHIVE";"HUMAN_OBSERVATION";"Phormium colensoi";173,368367;-41,334542;2021;"NZL";"3032111439";"iNaturalist";219
"DWC_ARCHIVE";"HUMAN_OBSERVATION";"Phormium colensoi";172,696166;-41,209236;2021;"NZL";"3032130211";"iNaturalist";NA
"DWC_ARCHIVE";"HUMAN_OBSERVATION";"Phormium colensoi";175,408734;-40,871278;2021;"NZL";"3032155963";"iNaturalist";3
"DWC_ARCHIVE";"HUMAN_OBSERVATION";"Phormium colensoi";174,906701;-41,266936;2021;"NZL";"3044794797";"iNaturalist";15
"DWC_ARCHIVE";"HUMAN_OBSERVATION";"Phormium colensoi";-176,650908;-44,043255;2021;"NZL";"3039283378";"iNaturalist";10
"DWC_ARCHIVE";"HUMAN_OBSERVATION";"Phormium colensoi";171,557463;-42,909482;2021;"NZL";"3039294055";"iNaturalist";9
"DWC_ARCHIVE";"HUMAN_OBSERVATION";"Phormium colensoi";170,522054;-45,806862;2021;"NZL";"3039444345";"iNaturalist";44
"DWC_ARCHIVE";"HUMAN_OBSERVATION";"Phormium colensoi";172,85284;-41,12349;2021;"NZL";"3044649186";"iNaturalist";8
"DWC_ARCHIVE";"HUMAN_OBSERVATION";"Phormium colensoi";168,741618;-45,031072;2021;"NZL";"3044686490";"iNaturalist";93
"DWC_ARCHIVE";"HUMAN_OBSERVATION";"Phormium colensoi";174,909117;-37,010442;2021;"NZL";"3044876612";"iNaturalist";35
"DWC_ARCHIVE";"HUMAN_OBSERVATION";"Phormium colensoi";168,129567;-44,812343;2021;"NZL";"3044928396";"iNaturalist";2
"DWC_ARCHIVE";"HUMAN_OBSERVATION";"Phormium colensoi";168,08414;-44,889763;2021;"NZL";"3044944517";"iNaturalist";4
"DWC_ARCHIVE";"HUMAN_OBSERVATION";"Phormium colensoi";175,122681;-37,990395;2021;"NZL";"3059164475";"iNaturalist";NA
"DWC_ARCHIVE";"HUMAN_OBSERVATION";"Phormium colensoi";171,561407;-43,453671;2021;"NZL";"3090648534";"iNaturalist";61
"DWC_ARCHIVE";"HUMAN_OBSERVATION";"Phormium colensoi";171,555807;-43,453835;2021;"NZL";"3090900684";"iNaturalist";76
"DWC_ARCHIVE";"HUMAN_OBSERVATION";"Phormium colensoi";171,555807;-43,453835;2021;"NZL";"3090938633";"iNaturalist";76
"DWC_ARCHIVE";"HUMAN_OBSERVATION";"Phormium colensoi";171,557205;-43,454483;2021;"NZL";"3118274497";"iNaturalist";48
"DWC_ARCHIVE";"HUMAN_OBSERVATION";"Phormium colensoi";172,487686;-43,643925;2021;"NZL";"3079670563";"iNaturalist";165
"DWC_ARCHIVE";"HUMAN_OBSERVATION";"Phormium colensoi";174,703308;-41,218356;2021;"NZL";"3079820417";"iNaturalist";6
"DWC_ARCHIVE";"HUMAN_OBSERVATION";"Phormium colensoi";174,739422;-36,909536;2021;"NZL";"3079837524";"iNaturalist";NA
"DWC_ARCHIVE";"HUMAN_OBSERVATION";"Phormium colensoi";172,637208;-43,561227;2021;"NZL";"3079857823";"iNaturalist";5
"DWC_ARCHIVE";"HUMAN_OBSERVATION";"Phormium colensoi";172,637202;-43,561191;2021;"NZL";"3079880825";"iNaturalist";5
"DWC_ARCHIVE";"HUMAN_OBSERVATION";"Phormium colensoi";172,858645;-41,121554;2021;"NZL";"3090689281";"iNaturalist";9
"DWC_ARCHIVE";"HUMAN_OBSERVATION";"Phormium colensoi";172,935696;-40,937786;2021;"NZL";"3097044267";"iNaturalist";NA
"DWC_ARCHIVE";"HUMAN_OBSERVATION";"Phormium colensoi";175,093706;-39,118164;2021;"NZL";"3097238741";"iNaturalist";64
"DWC_ARCHIVE";"HUMAN_OBSERVATION";"Phormium colensoi";172,486734;-43,635188;2021;"NZL";"3097307564";"iNaturalist";8
"DWC_ARCHIVE";"HUMAN_OBSERVATION";"Phormium colensoi";172,887113;-43,09891;2021;"NZL";"3109057998";"iNaturalist";4
"DWC_ARCHIVE";"HUMAN_OBSERVATION";"Phormium colensoi";174,714106;-41,219652;2021;"NZL";"3112338551";"iNaturalist";NA
"DWC_ARCHIVE";"HUMAN_OBSERVATION";"Phormium colensoi";174,849488;-41,089392;2021;"NZL";"3112687828";"iNaturalist";6
"DWC_ARCHIVE";"HUMAN_OBSERVATION";"Phormium colensoi";172,641857;-43,550371;2021;"NZL";"3112840803";"iNaturalist";NA
"DWC_ARCHIVE";"HUMAN_OBSERVATION";"Phormium colensoi";172,641988;-43,550263;2021;"NZL";"3112841865";"iNaturalist";NA
"DWC_ARCHIVE";"HUMAN_OBSERVATION";"Phormium colensoi";173,016857;-43,746545;2021;"NZL";"3112873874";"iNaturalist";20
"DWC_ARCHIVE";"HUMAN_OBSERVATION";"Phormium colensoi";172,997882;-43,827492;2021;"NZL";"3112890395";"iNaturalist";20
"DWC_ARCHIVE";"HUMAN_OBSERVATION";"Phormium colensoi";170,536464;-45,845758;2021;"NZL";"3112912607";"iNaturalist";30
"DWC_ARCHIVE";"HUMAN_OBSERVATION";"Phormium colensoi";172,633279;-43,654596;2021;"NZL";"3113284656";"iNaturalist";NA
"DWC_ARCHIVE";"HUMAN_OBSERVATION";"Phormium colensoi";172,343572;-43,796951;2021;"NZL";"3113458067";"iNaturalist";3
"DWC_ARCHIVE";"HUMAN_OBSERVATION";"Phormium colensoi";168,731361;-45,024536;2021;"NZL";"3117863031";"iNaturalist";123
"DWC_ARCHIVE";"HUMAN_OBSERVATION";"Phormium colensoi";176,217095;-40,911317;2021;"NZL";"3124490962";"iNaturalist";24
"DWC_ARCHIVE";"HUMAN_OBSERVATION";"Phormium colensoi";168,67261;-44,987411;2021;"NZL";"3124846924";"iNaturalist";22
"DWC_ARCHIVE";"HUMAN_OBSERVATION";"Phormium colensoi";168,674271;-44,985757;2021;"NZL";"3302090857";"iNaturalist";7
"DWC_ARCHIVE";"HUMAN_OBSERVATION";"Phormium colensoi";174,854828;-41,225145;2021;"NZL";"3327961437";"iNaturalist";8
"DWC_ARCHIVE";"HUMAN_OBSERVATION";"Phormium colensoi";168,672114;-44,987969;2021;"NZL";"3327992558";"iNaturalist";10
"DWC_ARCHIVE";"HUMAN_OBSERVATION";"Phormium colensoi";177,792336;-38,986918;2021;"NZL";"3301943356";"iNaturalist";6
"DWC_ARCHIVE";"HUMAN_OBSERVATION";"Phormium colensoi";173,028928;-41,477372;2021;"NZL";"3302552300";"iNaturalist";NA
"DWC_ARCHIVE";"HUMAN_OBSERVATION";"Phormium colensoi";172,686544;-43,703239;2021;"NZL";"3415361621";"iNaturalist";3
"DWC_ARCHIVE";"HUMAN_OBSERVATION";"Phormium colensoi";172,592674;-43,557551;2021;"NZL";"3325581051";"iNaturalist";4
"DWC_ARCHIVE";"HUMAN_OBSERVATION";"Phormium colensoi";174,526568;-36,899529;2021;"NZL";"3325677706";"iNaturalist";NA
"DWC_ARCHIVE";"HUMAN_OBSERVATION";"Phormium colensoi";174,891123;-41,030117;2021;"NZL";"3335318921";"iNaturalist";4
"DWC_ARCHIVE";"HUMAN_OBSERVATION";"Phormium colensoi";175,131639;-37,704747;2021;"NZL";"3337948619";"iNaturalist";6
"DWC_ARCHIVE";"HUMAN_OBSERVATION";"Phormium colensoi";172,67151;-43,562105;2021;"NZL";"3343896053";"iNaturalist";8
"DWC_ARCHIVE";"HUMAN_OBSERVATION";"Phormium colensoi";174,765;-36,755342;2021;"NZL";"3355503873";"iNaturalist";4
"DWC_ARCHIVE";"HUMAN_OBSERVATION";"Phormium colensoi";176,854763;-39,548938;2021;"NZL";"3355394410";"iNaturalist";4
"DWC_ARCHIVE";"HUMAN_OBSERVATION";"Phormium colensoi";174,619083;-36,833724;2021;"NZL";"3355673580";"iNaturalist";65
"DWC_ARCHIVE";"HUMAN_OBSERVATION";"Phormium colensoi";172,738;-43,587633;2021;"NZL";"3384177790";"iNaturalist";NA
"DWC_ARCHIVE";"HUMAN_OBSERVATION";"Phormium colensoi";176,407469;-38,889481;2021;"NZL";"3384330916";"iNaturalist";16
"DWC_ARCHIVE";"HUMAN_OBSERVATION";"Phormium colensoi";175,293367;-37,7503;2021;"NZL";"3384985870";"iNaturalist";4
"DWC_ARCHIVE";"HUMAN_OBSERVATION";"Phormium colensoi";177,614134;-37,812517;2021;"NZL";"3385039041";"iNaturalist";48
"DWC_ARCHIVE";"HUMAN_OBSERVATION";"Phormium colensoi";171,220445;-43,880517;2021;"NZL";"3384418824";"iNaturalist";4633
"DWC_ARCHIVE";"HUMAN_OBSERVATION";"Phormium colensoi";174,761917;-36,798728;2021;"NZL";"3384729062";"iNaturalist";4
"DWC_ARCHIVE";"HUMAN_OBSERVATION";"Phormium colensoi";174,838801;-36,890184;2021;"NZL";"3385221578";"iNaturalist";4
"DWC_ARCHIVE";"HUMAN_OBSERVATION";"Phormium colensoi";170,10047;-43,706034;2021;"NZL";"3391356082";"iNaturalist";3
"DWC_ARCHIVE";"HUMAN_OBSERVATION";"Phormium colensoi";176,490189;-38,933394;2021;"NZL";"3391411962";"iNaturalist";26
"DWC_ARCHIVE";"HUMAN_OBSERVATION";"Phormium colensoi";174,718736;-36,889969;2021;"NZL";"3391425191";"iNaturalist";4
"DWC_ARCHIVE";"HUMAN_OBSERVATION";"Phormium colensoi";174,779319;-36,807983;2021;"NZL";"3391691805";"iNaturalist";NA
"DWC_ARCHIVE";"HUMAN_OBSERVATION";"Phormium colensoi";174,956162;-38,08413;2021;"NZL";"3398659088";"iNaturalist";6
"DWC_ARCHIVE";"HUMAN_OBSERVATION";"Phormium colensoi";174,671855;-36,869242;2021;"NZL";"3398798392";"iNaturalist";12
"DWC_ARCHIVE";"HUMAN_OBSERVATION";"Phormium colensoi";172,484846;-43,647032;2021;"NZL";"3398821045";"iNaturalist";18667
"DWC_ARCHIVE";"HUMAN_OBSERVATION";"Phormium colensoi";172,721944;-41,199444;2021;"NZL";"3398872633";"iNaturalist";NA
"DWC_ARCHIVE";"HUMAN_OBSERVATION";"Phormium colensoi";174,77608;-36,848157;2021;"NZL";"3399206180";"iNaturalist";190
"DWC_ARCHIVE";"HUMAN_OBSERVATION";"Phormium colensoi";172,652398;-43,631979;2021;"NZL";"3399226064";"iNaturalist";8
"DWC_ARCHIVE";"HUMAN_OBSERVATION";"Phormium colensoi";172,843611;-41,800278;2021;"NZL";"3399325838";"iNaturalist";NA
"DWC_ARCHIVE";"HUMAN_OBSERVATION";"Phormium colensoi";175,146398;-41,142265;2021;"NZL";"3399353858";"iNaturalist";3
"DWC_ARCHIVE";"HUMAN_OBSERVATION";"Phormium colensoi";172,991586;-41,730977;2021;"NZL";"3408029953";"iNaturalist";NA
"DWC_ARCHIVE";"HUMAN_OBSERVATION";"Phormium colensoi";175,519662;-40,795194;2021;"NZL";"3408031665";"iNaturalist";58
"DWC_ARCHIVE";"HUMAN_OBSERVATION";"Phormium colensoi";174,558823;-36,94342;2021;"NZL";"3456621724";"iNaturalist";NA
"DWC_ARCHIVE";"HUMAN_OBSERVATION";"Phormium colensoi";170,50365;-45,801401;2021;"NZL";"3408073224";"iNaturalist";32
"DWC_ARCHIVE";"HUMAN_OBSERVATION";"Phormium colensoi";174,652638;-36,847893;2021;"NZL";"3416082872";"iNaturalist";5
"DWC_ARCHIVE";"HUMAN_OBSERVATION";"Phormium colensoi";173,979481;-39,102148;2021;"NZL";"3455614277";"iNaturalist";122
"DWC_ARCHIVE";"HUMAN_OBSERVATION";"Phormium colensoi";172,354706;-40,894674;2021;"NZL";"3456424436";"iNaturalist";122
"DWC_ARCHIVE";"HUMAN_OBSERVATION";"Phormium colensoi";172,669145;-40,682262;2021;"NZL";"3456644304";"iNaturalist";7
"DWC_ARCHIVE";"HUMAN_OBSERVATION";"Phormium colensoi";166,943445;-45,293383;2021;"NZL";"3455595514";"iNaturalist";NA
"DWC_ARCHIVE";"HUMAN_OBSERVATION";"Phormium colensoi";170,454163;-45,835419;2021;"NZL";"3455773076";"iNaturalist";37
"DWC_ARCHIVE";"HUMAN_OBSERVATION";"Phormium colensoi";173,394954;-41,216455;2021;"NZL";"3456447668";"iNaturalist";65
"DWC_ARCHIVE";"HUMAN_OBSERVATION";"Phormium colensoi";172,615259;-41,594013;2021;"NZL";"3457071774";"iNaturalist";NA
"DWC_ARCHIVE";"HUMAN_OBSERVATION";"Phormium colensoi";177,026061;-37,96183;2021;"NZL";"3457121700";"iNaturalist";4
"DWC_ARCHIVE";"PRESERVED_SPECIMEN";"Phormium colensoi";172,478598;-43,639894;2021;"NZL";"3751280429";"CHR";NA
"DWC_ARCHIVE";"HUMAN_OBSERVATION";"Phormium colensoi";173,343671;-41,344766;2020;"NZL";"2550015519";"iNaturalist";31
"DWC_ARCHIVE";"HUMAN_OBSERVATION";"Phormium colensoi";171,55772;-42,909604;2020;"NZL";"2550022588";"iNaturalist";32
"DWC_ARCHIVE";"HUMAN_OBSERVATION";"Phormium colensoi";173,238949;-41,394428;2020;"NZL";"2557790329";"iNaturalist";NA
"DWC_ARCHIVE";"HUMAN_OBSERVATION";"Phormium colensoi";171,558537;-42,898583;2020;"NZL";"2563578494";"iNaturalist";1
"DWC_ARCHIVE";"HUMAN_OBSERVATION";"Phormium colensoi";171,558523;-42,898595;2020;"NZL";"2563578526";"iNaturalist";1
"DWC_ARCHIVE";"HUMAN_OBSERVATION";"Phormium colensoi";171,558622;-42,898685;2020;"NZL";"2573862863";"iNaturalist";197
"DWC_ARCHIVE";"HUMAN_OBSERVATION";"Phormium colensoi";171,554244;-42,89793;2020;"NZL";"2574169702";"iNaturalist";351
"DWC_ARCHIVE";"HUMAN_OBSERVATION";"Phormium colensoi";175,313607;-41,115318;2020;"NZL";"2901517378";"iNaturalist";10
"DWC_ARCHIVE";"HUMAN_OBSERVATION";"Phormium colensoi";175,629444;-40,376667;2020;"NZL";"3307191269";"iNaturalist";NA
"DWC_ARCHIVE";"HUMAN_OBSERVATION";"Phormium colensoi";176,401872;-39,289195;2020;"NZL";"2573840744";"iNaturalist";73
"DWC_ARCHIVE";"HUMAN_OBSERVATION";"Phormium colensoi";174,714164;-41,219604;2020;"NZL";"2573870038";"iNaturalist";10
"DWC_ARCHIVE";"HUMAN_OBSERVATION";"Phormium colensoi";171,190336;-42,463716;2020;"NZL";"2573913999";"iNaturalist";13
"DWC_ARCHIVE";"HUMAN_OBSERVATION";"Phormium colensoi";171,190981;-42,463234;2020;"NZL";"2573929925";"iNaturalist";59
"DWC_ARCHIVE";"HUMAN_OBSERVATION";"Phormium colensoi";176,974618;-39,302145;2020;"NZL";"2573954949";"iNaturalist";NA
"DWC_ARCHIVE";"HUMAN_OBSERVATION";"Phormium colensoi";171,710147;-41,84774;2020;"NZL";"2574094172";"iNaturalist";21
"DWC_ARCHIVE";"HUMAN_OBSERVATION";"Phormium colensoi";176,976196;-39,299703;2020;"NZL";"2574277805";"iNaturalist";9
"DWC_ARCHIVE";"HUMAN_OBSERVATION";"Phormium colensoi";171,329862;-42,116478;2020;"NZL";"2574309481";"iNaturalist";5
"DWC_ARCHIVE";"HUMAN_OBSERVATION";"Phormium colensoi";172,630559;-43,532021;2020;"NZL";"3014014661";"iNaturalist";21470
"DWC_ARCHIVE";"HUMAN_OBSERVATION";"Phormium colensoi";173,708512;-42,428233;2020;"NZL";"3090635645";"iNaturalist";2266
"DWC_ARCHIVE";"HUMAN_OBSERVATION";"Phormium colensoi";172,90232;-41,806195;2020;"NZL";"2579240308";"iNaturalist";65
"DWC_ARCHIVE";"HUMAN_OBSERVATION";"Phormium colensoi";167,856173;-44,62283;2020;"NZL";"2963900923";"iNaturalist";2165
"DWC_ARCHIVE";"HUMAN_OBSERVATION";"Phormium colensoi";174,711529;-36,899001;2020;"NZL";"2603421751";"iNaturalist";77
"DWC_ARCHIVE";"HUMAN_OBSERVATION";"Phormium colensoi";174,925142;-41,186763;2020;"NZL";"2609338771";"iNaturalist";8
"DWC_ARCHIVE";"HUMAN_OBSERVATION";"Phormium colensoi";174,829619;-41,111551;2020;"NZL";"2611146328";"iNaturalist";4
"DWC_ARCHIVE";"HUMAN_OBSERVATION";"Phormium colensoi";175,630928;-40,336393;2020;"NZL";"2611424105";"iNaturalist";168
"DWC_ARCHIVE";"HUMAN_OBSERVATION";"Phormium colensoi";172,627342;-43,583072;2020;"NZL";"2823120390";"iNaturalist";NA
"DWC_ARCHIVE";"HUMAN_OBSERVATION";"Phormium colensoi";174,788528;-37,863037;2020;"NZL";"2626219882";"iNaturalist";NA
"DWC_ARCHIVE";"HUMAN_OBSERVATION";"Phormium colensoi";174,056106;-39,061869;2020;"NZL";"2626381322";"iNaturalist";5
"DWC_ARCHIVE";"HUMAN_OBSERVATION";"Phormium colensoi";167,924662;-44,671623;2020;"NZL";"2626665755";"iNaturalist";NA
"DWC_ARCHIVE";"HUMAN_OBSERVATION";"Phormium colensoi";175,163568;-40,926328;2020;"NZL";"2633987125";"iNaturalist";4
"DWC_ARCHIVE";"HUMAN_OBSERVATION";"Phormium colensoi";171,463904;-43,23554;2020;"NZL";"2634356248";"iNaturalist";48
"DWC_ARCHIVE";"HUMAN_OBSERVATION";"Phormium colensoi";171,449958;-42,197175;2020;"NZL";"2634441919";"iNaturalist";10
"DWC_ARCHIVE";"HUMAN_OBSERVATION";"Phormium colensoi";168,757318;-44,996375;2020;"NZL";"2802764163";"iNaturalist";33
"DWC_ARCHIVE";"HUMAN_OBSERVATION";"Phormium colensoi";168,866984;-46,038626;2020;"NZL";"2802545283";"iNaturalist";1953
"DWC_ARCHIVE";"HUMAN_OBSERVATION";"Phormium colensoi";175,133016;-41,084635;2020;"NZL";"2802811234";"iNaturalist";4
"DWC_ARCHIVE";"HUMAN_OBSERVATION";"Phormium colensoi";171,633678;-41,874899;2020;"NZL";"3455243441";"iNaturalist";28
"DWC_ARCHIVE";"HUMAN_OBSERVATION";"Phormium colensoi";178,192251;-38,607221;2020;"NZL";"2814383906";"iNaturalist";8
"DWC_ARCHIVE";"HUMAN_OBSERVATION";"Phormium colensoi";176,16683;-37,630683;2020;"NZL";"2823228879";"iNaturalist";121
"DWC_ARCHIVE";"HUMAN_OBSERVATION";"Phormium colensoi";171,473279;-42,112459;2020;"NZL";"2826146292";"iNaturalist";12
"DWC_ARCHIVE";"HUMAN_OBSERVATION";"Phormium colensoi";174,003634;-41,278116;2020;"NZL";"2826224101";"iNaturalist";8
"DWC_ARCHIVE";"HUMAN_OBSERVATION";"Phormium colensoi";175,880121;-37,733725;2020;"NZL";"2851194009";"iNaturalist";349
"DWC_ARCHIVE";"HUMAN_OBSERVATION";"Phormium colensoi";170,868341;-44,434149;2020;"NZL";"2862656416";"iNaturalist";70
"DWC_ARCHIVE";"HUMAN_OBSERVATION";"Phormium colensoi";173,101624;-42,585218;2020;"NZL";"3039205146";"iNaturalist";4
"DWC_ARCHIVE";"HUMAN_OBSERVATION";"Phormium colensoi";175,006541;-36,774366;2020;"NZL";"2862500806";"iNaturalist";24
"DWC_ARCHIVE";"HUMAN_OBSERVATION";"Phormium colensoi";167,690465;-46,130899;2020;"NZL";"2868254996";"iNaturalist";61
"DWC_ARCHIVE";"HUMAN_OBSERVATION";"Phormium colensoi";172,549163;-42,69574;2020;"NZL";"2868373990";"iNaturalist";NA
"DWC_ARCHIVE";"HUMAN_OBSERVATION";"Phormium colensoi";175,872745;-37,614891;2020;"NZL";"2882945556";"iNaturalist";15
"DWC_ARCHIVE";"HUMAN_OBSERVATION";"Phormium colensoi";173,772475;-42,090172;2020;"NZL";"2883085374";"iNaturalist";5
"DWC_ARCHIVE";"HUMAN_OBSERVATION";"Phormium colensoi";176,179097;-37,671874;2020;"NZL";"2883123691";"iNaturalist";16
"DWC_ARCHIVE";"HUMAN_OBSERVATION";"Phormium colensoi";176,904811;-39,702857;2020;"NZL";"2883208849";"iNaturalist";4
"DWC_ARCHIVE";"HUMAN_OBSERVATION";"Phormium colensoi";174,974563;-40,937161;2020;"NZL";"2901532687";"iNaturalist";NA
"DWC_ARCHIVE";"HUMAN_OBSERVATION";"Phormium colensoi";170,516646;-45,849405;2020;"NZL";"2901544811";"iNaturalist";31
"DWC_ARCHIVE";"HUMAN_OBSERVATION";"Phormium colensoi";168,767617;-45,000352;2020;"NZL";"2901557857";"iNaturalist";205
"DWC_ARCHIVE";"HUMAN_OBSERVATION";"Phormium colensoi";170,516646;-45,849405;2020;"NZL";"2901603816";"iNaturalist";31
"DWC_ARCHIVE";"HUMAN_OBSERVATION";"Phormium colensoi";175,098016;-37,992869;2020;"NZL";"2901786712";"iNaturalist";200
"DWC_ARCHIVE";"HUMAN_OBSERVATION";"Phormium colensoi";174,74112;-36,856371;2020;"NZL";"2963815232";"iNaturalist";24
"DWC_ARCHIVE";"HUMAN_OBSERVATION";"Phormium colensoi";174,678511;-36,912257;2020;"NZL";"2963897939";"iNaturalist";4
"DWC_ARCHIVE";"HUMAN_OBSERVATION";"Phormium colensoi";174,885808;-41,028817;2020;"NZL";"2980787694";"iNaturalist";NA
"DWC_ARCHIVE";"HUMAN_OBSERVATION";"Phormium colensoi";172,128217;-41,250891;2020;"NZL";"2980797031";"iNaturalist";13846
"DWC_ARCHIVE";"HUMAN_OBSERVATION";"Phormium colensoi";172,128217;-41,250891;2020;"NZL";"2980834039";"iNaturalist";13846
"DWC_ARCHIVE";"HUMAN_OBSERVATION";"Phormium colensoi";174,821721;-36,848074;2020;"NZL";"2980849697";"iNaturalist";NA
"DWC_ARCHIVE";"HUMAN_OBSERVATION";"Phormium colensoi";174,889967;-41,232705;2020;"NZL";"2981002690";"iNaturalist";NA
"DWC_ARCHIVE";"HUMAN_OBSERVATION";"Phormium colensoi";170,096717;-43,698725;2020;"NZL";"2980826943";"iNaturalist";8
"DWC_ARCHIVE";"HUMAN_OBSERVATION";"Phormium colensoi";172,385897;-43,613716;2020;"NZL";"2981095179";"iNaturalist";25
"DWC_ARCHIVE";"HUMAN_OBSERVATION";"Phormium colensoi";177,787597;-38,989463;2020;"NZL";"2984408912";"iNaturalist";NA
"DWC_ARCHIVE";"HUMAN_OBSERVATION";"Phormium colensoi";175,874673;-37,615201;2020;"NZL";"2984539911";"iNaturalist";15
"DWC_ARCHIVE";"HUMAN_OBSERVATION";"Phormium colensoi";171,69756;-41,749435;2020;"NZL";"2984563930";"iNaturalist";8
"DWC_ARCHIVE";"HUMAN_OBSERVATION";"Phormium colensoi";170,843103;-44,340027;2020;"NZL";"2988329152";"iNaturalist";NA
"DWC_ARCHIVE";"HUMAN_OBSERVATION";"Phormium colensoi";174,830322;-41,165184;2020;"NZL";"2988530443";"iNaturalist";5
"DWC_ARCHIVE";"HUMAN_OBSERVATION";"Phormium colensoi";174,064545;-41,254097;2020;"NZL";"2988586056";"iNaturalist";10
"DWC_ARCHIVE";"HUMAN_OBSERVATION";"Phormium colensoi";176,044419;-37,805717;2020;"NZL";"2988685807";"iNaturalist";10
"DWC_ARCHIVE";"HUMAN_OBSERVATION";"Phormium colensoi";168,73081;-45,024138;2020;"NZL";"2992738015";"iNaturalist";36
"DWC_ARCHIVE";"HUMAN_OBSERVATION";"Phormium colensoi";168,731926;-45,025883;2020;"NZL";"2992794070";"iNaturalist";33
"DWC_ARCHIVE";"HUMAN_OBSERVATION";"Phormium colensoi";175,05825;-36,819212;2020;"NZL";"3008383664";"iNaturalist";1078
"DWC_ARCHIVE";"HUMAN_OBSERVATION";"Phormium colensoi";175,05825;-36,819212;2020;"NZL";"3008438673";"iNaturalist";1078
"DWC_ARCHIVE";"HUMAN_OBSERVATION";"Phormium colensoi";171,697584;-41,749534;2020;"NZL";"3032094997";"iNaturalist";5
"DWC_ARCHIVE";"HUMAN_OBSERVATION";"Phormium colensoi";174,777916;-36,925632;2020;"NZL";"2992817100";"iNaturalist";NA
"DWC_ARCHIVE";"HUMAN_OBSERVATION";"Phormium colensoi";175,907442;-37,588379;2020;"NZL";"2992820049";"iNaturalist";4
"DWC_ARCHIVE";"HUMAN_OBSERVATION";"Phormium colensoi";175,874229;-37,615226;2020;"NZL";"3005188582";"iNaturalist";15
"DWC_ARCHIVE";"HUMAN_OBSERVATION";"Phormium colensoi";173,712858;-42,426507;2020;"NZL";"3008473876";"iNaturalist";9
"DWC_ARCHIVE";"HUMAN_OBSERVATION";"Phormium colensoi";175,593812;-39,192718;2020;"NZL";"3008492682";"iNaturalist";18589
"DWC_ARCHIVE";"HUMAN_OBSERVATION";"Phormium colensoi";176,901184;-39,695146;2020;"NZL";"3008504709";"iNaturalist";65
"DWC_ARCHIVE";"HUMAN_OBSERVATION";"Phormium colensoi";171,575827;-42,908612;2020;"NZL";"3008550768";"iNaturalist";156
"DWC_ARCHIVE";"HUMAN_OBSERVATION";"Phormium colensoi";175,593812;-39,192718;2020;"NZL";"3008551703";"iNaturalist";18589
"DWC_ARCHIVE";"HUMAN_OBSERVATION";"Phormium colensoi";174,908756;-41,02326;2020;"NZL";"3014040050";"iNaturalist";22
"DWC_ARCHIVE";"HUMAN_OBSERVATION";"Phormium colensoi";171,346983;-43,422178;2019;"NZL";"1986602438";"iNaturalist";61
"DWC_ARCHIVE";"HUMAN_OBSERVATION";"Phormium colensoi";176,458781;-39,191314;2019;"NZL";"1986609944";"iNaturalist";8
"DWC_ARCHIVE";"HUMAN_OBSERVATION";"Phormium colensoi";170,510305;-45,85482;2019;"NZL";"1986610700";"iNaturalist";46
"DWC_ARCHIVE";"HUMAN_OBSERVATION";"Phormium colensoi";172,6725;-41,928611;2019;"NZL";"1986622930";"iNaturalist";NA
"DWC_ARCHIVE";"HUMAN_OBSERVATION";"Phormium colensoi";172,125;-42,3;2019;"NZL";"1990487789";"iNaturalist";NA
"DWC_ARCHIVE";"HUMAN_OBSERVATION";"Phormium colensoi";172,052442;-41,849441;2019;"NZL";"1990497183";"iNaturalist";31
"DWC_ARCHIVE";"HUMAN_OBSERVATION";"Phormium colensoi";172,56361;-40,63581;2019;"NZL";"1990526322";"iNaturalist";100
"DWC_ARCHIVE";"HUMAN_OBSERVATION";"Phormium colensoi";172,649089;-41,185942;2019;"NZL";"1990541433";"iNaturalist";8
"DWC_ARCHIVE";"HUMAN_OBSERVATION";"Phormium colensoi";171,55895;-42,911828;2019;"NZL";"1990562293";"iNaturalist";5
"DWC_ARCHIVE";"HUMAN_OBSERVATION";"Phormium colensoi";171,562007;-42,940115;2019;"NZL";"1990615270";"iNaturalist";1010
"DWC_ARCHIVE";"HUMAN_OBSERVATION";"Phormium colensoi";173,345556;-41,348333;2019;"NZL";"1990629064";"iNaturalist";NA
"DWC_ARCHIVE";"HUMAN_OBSERVATION";"Phormium colensoi";169,468415;-46,56453;2019;"NZL";"2005275119";"iNaturalist";4
"DWC_ARCHIVE";"HUMAN_OBSERVATION";"Phormium colensoi";171,390676;-42,29171;2019;"NZL";"2005388696";"iNaturalist";129
"DWC_ARCHIVE";"HUMAN_OBSERVATION";"Phormium colensoi";172,723048;-41,198594;2019;"NZL";"2236277298";"iNaturalist";500
"DWC_ARCHIVE";"HUMAN_OBSERVATION";"Phormium colensoi";173,154784;-41,304471;2019;"NZL";"2451692190";"iNaturalist";NA
"DWC_ARCHIVE";"HUMAN_OBSERVATION";"Phormium colensoi";173,257478;-41,2671;2019;"NZL";"1993747948";"iNaturalist";10
"DWC_ARCHIVE";"HUMAN_OBSERVATION";"Phormium colensoi";172,2724;-42,469545;2019;"NZL";"1993765712";"iNaturalist";10
"DWC_ARCHIVE";"HUMAN_OBSERVATION";"Phormium colensoi";172,325;-41,603333;2019;"NZL";"2005366052";"iNaturalist";NA
"DWC_ARCHIVE";"HUMAN_OBSERVATION";"Phormium colensoi";176,786728;-39,085511;2019;"NZL";"2005381224";"iNaturalist";10
"DWC_ARCHIVE";"HUMAN_OBSERVATION";"Phormium colensoi";176,828436;-39,144347;2019;"NZL";"2006042307";"iNaturalist";5
"DWC_ARCHIVE";"HUMAN_OBSERVATION";"Phormium colensoi";176,90894;-39,701355;2019;"NZL";"2028510680";"iNaturalist";NA
"DWC_ARCHIVE";"HUMAN_OBSERVATION";"Phormium colensoi";174,046065;-41,231342;2019;"NZL";"2234744010";"iNaturalist";900
"DWC_ARCHIVE";"HUMAN_OBSERVATION";"Phormium colensoi";167,988778;-44,763803;2019;"NZL";"2234812473";"iNaturalist";NA
"DWC_ARCHIVE";"HUMAN_OBSERVATION";"Phormium colensoi";172,388919;-42,380368;2019;"NZL";"2013024020";"iNaturalist";5
"DWC_ARCHIVE";"HUMAN_OBSERVATION";"Phormium colensoi";172,388148;-42,380825;2019;"NZL";"2013024049";"iNaturalist";5
"DWC_ARCHIVE";"HUMAN_OBSERVATION";"Phormium colensoi";167,928589;-44,671875;2019;"NZL";"2235490574";"iNaturalist";5
"DWC_ARCHIVE";"HUMAN_OBSERVATION";"Phormium colensoi";172,389052;-42,380816;2019;"NZL";"2283062284";"iNaturalist";NA
"DWC_ARCHIVE";"HUMAN_OBSERVATION";"Phormium colensoi";172,38908;-42,380855;2019;"NZL";"2283063536";"iNaturalist";NA
"DWC_ARCHIVE";"HUMAN_OBSERVATION";"Phormium colensoi";172,84933;-41,884182;2019;"NZL";"2573922726";"iNaturalist";31
"DWC_ARCHIVE";"HUMAN_OBSERVATION";"Phormium colensoi";175,376111;-41,008333;2019;"NZL";"2236859986";"iNaturalist";NA
"DWC_ARCHIVE";"HUMAN_OBSERVATION";"Phormium colensoi";174,694183;-41,223222;2019;"NZL";"2237449226";"iNaturalist";NA
"DWC_ARCHIVE";"HUMAN_OBSERVATION";"Phormium colensoi";172,745679;-43,542324;2019;"NZL";"2237532230";"iNaturalist";15
"DWC_ARCHIVE";"HUMAN_OBSERVATION";"Phormium colensoi";172,653489;-43,626169;2019;"NZL";"2238795690";"iNaturalist";7
"DWC_ARCHIVE";"HUMAN_OBSERVATION";"Phormium colensoi";172,655717;-43,552522;2019;"NZL";"2238796522";"iNaturalist";11
"DWC_ARCHIVE";"HUMAN_OBSERVATION";"Phormium colensoi";172,644099;-43,520752;2019;"NZL";"2238840616";"iNaturalist";5
"DWC_ARCHIVE";"HUMAN_OBSERVATION";"Phormium colensoi";175,48042;-36,745402;2019;"NZL";"2238944360";"iNaturalist";200
"DWC_ARCHIVE";"HUMAN_OBSERVATION";"Phormium colensoi";172,61078;-43,480262;2019;"NZL";"2238945093";"iNaturalist";174
"DWC_ARCHIVE";"HUMAN_OBSERVATION";"Phormium colensoi";172,604962;-43,552146;2019;"NZL";"2242764601";"iNaturalist";12
"DWC_ARCHIVE";"HUMAN_OBSERVATION";"Phormium colensoi";171,338329;-42,091879;2019;"NZL";"2242797845";"iNaturalist";NA
"DWC_ARCHIVE";"HUMAN_OBSERVATION";"Phormium colensoi";172,847124;-43,804195;2019;"NZL";"2273202810";"iNaturalist";31
"DWC_ARCHIVE";"HUMAN_OBSERVATION";"Phormium colensoi";172,554696;-43,466076;2019;"NZL";"2273203179";"iNaturalist";61
"DWC_ARCHIVE";"HUMAN_OBSERVATION";"Phormium colensoi";174,63232;-36,979224;2019;"NZL";"2251859151";"iNaturalist";11
"DWC_ARCHIVE";"HUMAN_OBSERVATION";"Phormium colensoi";175,024084;-41,382935;2019;"NZL";"2269307347";"iNaturalist";31
"DWC_ARCHIVE";"HUMAN_OBSERVATION";"Phormium colensoi";174,610886;-37,018857;2019;"NZL";"2252060051";"iNaturalist";38
"DWC_ARCHIVE";"HUMAN_OBSERVATION";"Phormium colensoi";174,917979;-41,249968;2019;"NZL";"2265822789";"iNaturalist";19
"DWC_ARCHIVE";"HUMAN_OBSERVATION";"Phormium colensoi";171,629279;-41,874528;2019;"NZL";"2265839152";"iNaturalist";12
"DWC_ARCHIVE";"HUMAN_OBSERVATION";"Phormium colensoi";174,808382;-41,208533;2019;"NZL";"2265882279";"iNaturalist";65
"DWC_ARCHIVE";"HUMAN_OBSERVATION";"Phormium colensoi";176,157801;-40,946395;2019;"NZL";"2269260906";"iNaturalist";6
"DWC_ARCHIVE";"HUMAN_OBSERVATION";"Phormium colensoi";174,089911;-39,085102;2019;"NZL";"2273224390";"iNaturalist";4
"DWC_ARCHIVE";"HUMAN_OBSERVATION";"Phormium colensoi";172,042644;-41,615981;2019;"NZL";"2273253963";"iNaturalist";7
"DWC_ARCHIVE";"HUMAN_OBSERVATION";"Phormium colensoi";173,149842;-41,295145;2019;"NZL";"2283199721";"iNaturalist";2949
"DWC_ARCHIVE";"HUMAN_OBSERVATION";"Phormium colensoi";170,515097;-45,799634;2019;"NZL";"2294602032";"iNaturalist";31
"DWC_ARCHIVE";"HUMAN_OBSERVATION";"Phormium colensoi";172,710381;-43,071867;2019;"NZL";"2331872393";"iNaturalist";6
"DWC_ARCHIVE";"HUMAN_OBSERVATION";"Phormium colensoi";174,056135;-39,061882;2019;"NZL";"2366098607";"iNaturalist";2
"DWC_ARCHIVE";"HUMAN_OBSERVATION";"Phormium colensoi";174,734337;-36,792674;2019;"NZL";"2366142971";"iNaturalist";10
"DWC_ARCHIVE";"HUMAN_OBSERVATION";"Phormium colensoi";174,264318;-39,290684;2019;"NZL";"2423095404";"iNaturalist";2
"DWC_ARCHIVE";"HUMAN_OBSERVATION";"Phormium colensoi";168,877326;-46,052801;2019;"NZL";"2423110324";"iNaturalist";122
"DWC_ARCHIVE";"HUMAN_OBSERVATION";"Phormium colensoi";174,73353;-36,793079;2019;"NZL";"2423110561";"iNaturalist";17
"DWC_ARCHIVE";"HUMAN_OBSERVATION";"Phormium colensoi";176,084482;-38,694196;2019;"NZL";"2423121391";"iNaturalist";65
"DWC_ARCHIVE";"HUMAN_OBSERVATION";"Phormium colensoi";171,742735;-43,295092;2019;"NZL";"2423170116";"iNaturalist";5
"DWC_ARCHIVE";"HUMAN_OBSERVATION";"Phormium colensoi";174,733651;-36,793054;2019;"NZL";"2423182590";"iNaturalist";7
"DWC_ARCHIVE";"HUMAN_OBSERVATION";"Phormium colensoi";171,441831;-43,640508;2019;"NZL";"2423202676";"iNaturalist";9
"DWC_ARCHIVE";"HUMAN_OBSERVATION";"Phormium colensoi";171,743351;-43,294662;2019;"NZL";"2429253970";"iNaturalist";5
"DWC_ARCHIVE";"HUMAN_OBSERVATION";"Phormium colensoi";174,667221;-36,795555;2019;"NZL";"2429264788";"iNaturalist";NA
"DWC_ARCHIVE";"HUMAN_OBSERVATION";"Phormium colensoi";174,931338;-40,852917;2019;"NZL";"2447998284";"iNaturalist";NA
"DWC_ARCHIVE";"HUMAN_OBSERVATION";"Phormium colensoi";174,092639;-39,072564;2019;"NZL";"2429611482";"iNaturalist";4
"DWC_ARCHIVE";"HUMAN_OBSERVATION";"Phormium colensoi";174,91481;-41,017944;2019;"NZL";"2447949790";"iNaturalist";NA
"DWC_ARCHIVE";"HUMAN_OBSERVATION";"Phormium colensoi";174,66229;-36,792737;2019;"NZL";"2576372909";"iNaturalist";10
"DWC_ARCHIVE";"HUMAN_OBSERVATION";"Phormium colensoi";175,525975;-41,470461;2019;"NZL";"2456541801";"iNaturalist";30
"DWC_ARCHIVE";"HUMAN_OBSERVATION";"Phormium colensoi";174,710478;-36,814401;2019;"NZL";"2456591323";"iNaturalist";24
"DWC_ARCHIVE";"HUMAN_OBSERVATION";"Phormium colensoi";173,24766;-41,279662;2019;"NZL";"2460008300";"iNaturalist";10
"DWC_ARCHIVE";"HUMAN_OBSERVATION";"Phormium colensoi";174,862503;-41,373611;2019;"NZL";"2460117230";"iNaturalist";NA
"DWC_ARCHIVE";"HUMAN_OBSERVATION";"Phormium colensoi";173,692698;-42,427235;2019;"NZL";"2540882656";"iNaturalist";NA
"DWC_ARCHIVE";"HUMAN_OBSERVATION";"Phormium colensoi";170,65152;-45,839508;2019;"NZL";"2580131892";"iNaturalist";35
"DWC_ARCHIVE";"HUMAN_OBSERVATION";"Phormium colensoi";173,241564;-41,280004;2019;"NZL";"3330447330";"iNaturalist";10
"DWC_ARCHIVE";"HUMAN_OBSERVATION";"Phormium colensoi";172,711474;-40,508652;2019;"NZL";"2465274480";"iNaturalist";43
"DWC_ARCHIVE";"HUMAN_OBSERVATION";"Phormium colensoi";174,698059;-36,93222;2019;"NZL";"2517972991";"iNaturalist";NA
"DWC_ARCHIVE";"HUMAN_OBSERVATION";"Phormium colensoi";172,343628;-43,796972;2019;"NZL";"2540782855";"iNaturalist";24
"DWC_ARCHIVE";"HUMAN_OBSERVATION";"Phormium colensoi";170,095872;-43,741112;2019;"NZL";"2540799960";"iNaturalist";10
"DWC_ARCHIVE";"HUMAN_OBSERVATION";"Phormium colensoi";176,427477;-39,182968;2019;"NZL";"2543029314";"iNaturalist";5
"DWC_ARCHIVE";"HUMAN_OBSERVATION";"Phormium colensoi";171,559043;-42,91235;2018;"NZL";"1807296145";"iNaturalist";185
"DWC_ARCHIVE";"HUMAN_OBSERVATION";"Phormium colensoi";172,854259;-43,717379;2018;"NZL";"1883514227";"iNaturalist";NA
"DWC_ARCHIVE";"HUMAN_OBSERVATION";"Phormium colensoi";172,854471;-43,717446;2018;"NZL";"1883514285";"iNaturalist";NA
"DWC_ARCHIVE";"HUMAN_OBSERVATION";"Phormium colensoi";178,548241;-37,688959;2018;"NZL";"1948748079";"iNaturalist";45
"DWC_ARCHIVE";"HUMAN_OBSERVATION";"Phormium colensoi";166,572619;-45,793587;2018;"NZL";"1993771710";"iNaturalist";61
"DWC_ARCHIVE";"HUMAN_OBSERVATION";"Phormium colensoi";172,855955;-43,71754;2018;"NZL";"2422814507";"iNaturalist";NA
"DWC_ARCHIVE";"HUMAN_OBSERVATION";"Phormium colensoi";172,738423;-43,587207;2018;"NZL";"2423262505";"iNaturalist";15
"DWC_ARCHIVE";"HUMAN_OBSERVATION";"Phormium colensoi";169,788166;-45,808632;2018;"NZL";"1836611638";"iNaturalist";31
"DWC_ARCHIVE";"HUMAN_OBSERVATION";"Phormium colensoi";175,184166;-41,41377;2018;"NZL";"1837060993";"iNaturalist";9
"DWC_ARCHIVE";"HUMAN_OBSERVATION";"Phormium colensoi";174,885754;-41,029097;2018;"NZL";"1837764794";"iNaturalist";NA
"DWC_ARCHIVE";"HUMAN_OBSERVATION";"Phormium colensoi";176,931986;-39,93786;2018;"NZL";"1841203549";"iNaturalist";26
"DWC_ARCHIVE";"HUMAN_OBSERVATION";"Phormium colensoi";169,723729;-44,871019;2018;"NZL";"1847612106";"iNaturalist";8
"DWC_ARCHIVE";"HUMAN_OBSERVATION";"Phormium colensoi";168,685888;-45,045821;2018;"NZL";"1848808808";"iNaturalist";1983
"DWC_ARCHIVE";"HUMAN_OBSERVATION";"Phormium colensoi";171,490157;-42,653325;2018;"NZL";"1850981842";"iNaturalist";200
"DWC_ARCHIVE";"HUMAN_OBSERVATION";"Phormium colensoi";170,469534;-45,828744;2018;"NZL";"1850942129";"iNaturalist";15
"DWC_ARCHIVE";"HUMAN_OBSERVATION";"Phormium colensoi";175,220887;-41,448447;2018;"NZL";"2802560356";"iNaturalist";5
"DWC_ARCHIVE";"HUMAN_OBSERVATION";"Phormium colensoi";167,7803;-45,4561;2018;"NZL";"3066415422";"Landcare Research";5
"DWC_ARCHIVE";"HUMAN_OBSERVATION";"Phormium colensoi";174,840737;-41,097384;2018;"NZL";"1901051001";"iNaturalist";8
"DWC_ARCHIVE";"HUMAN_OBSERVATION";"Phormium colensoi";172,900942;-42,454482;2018;"NZL";"1913186985";"iNaturalist";NA
"DWC_ARCHIVE";"HUMAN_OBSERVATION";"Phormium colensoi";170,490127;-45,755724;2018;"NZL";"1914208445";"iNaturalist";15
"DWC_ARCHIVE";"HUMAN_OBSERVATION";"Phormium colensoi";173,008994;-40,991084;2018;"NZL";"1920844651";"iNaturalist";8
"DWC_ARCHIVE";"HUMAN_OBSERVATION";"Phormium colensoi";173,015824;-40,990612;2018;"NZL";"1920845222";"iNaturalist";8
"DWC_ARCHIVE";"HUMAN_OBSERVATION";"Phormium colensoi";173,009155;-41,00742;2018;"NZL";"1931495009";"iNaturalist";8
"DWC_ARCHIVE";"HUMAN_OBSERVATION";"Phormium colensoi";171,565119;-42,933486;2018;"NZL";"2422819545";"iNaturalist";100
"DWC_ARCHIVE";"HUMAN_OBSERVATION";"Phormium colensoi";174,733822;-36,793113;2018;"NZL";"1931486045";"iNaturalist";44
"DWC_ARCHIVE";"HUMAN_OBSERVATION";"Phormium colensoi";171,672756;-41,797464;2018;"NZL";"1944418665";"iNaturalist";61
"DWC_ARCHIVE";"HUMAN_OBSERVATION";"Phormium colensoi";175,112792;-36,797887;2018;"NZL";"1945449875";"iNaturalist";10446
"DWC_ARCHIVE";"HUMAN_OBSERVATION";"Phormium colensoi";172,880833;-41,823611;2018;"NZL";"1945472136";"iNaturalist";NA
"DWC_ARCHIVE";"HUMAN_OBSERVATION";"Phormium colensoi";175,824128;-36,966008;2018;"NZL";"1945472388";"iNaturalist";5
"DWC_ARCHIVE";"HUMAN_OBSERVATION";"Phormium colensoi";176,228653;-39,680308;2018;"NZL";"1946331616";"iNaturalist";5
"DWC_ARCHIVE";"HUMAN_OBSERVATION";"Phormium colensoi";172,66034;-43,55346;2018;"NZL";"1948741914";"iNaturalist";11
"DWC_ARCHIVE";"HUMAN_OBSERVATION";"Phormium colensoi";171,26998;-42,333286;2018;"NZL";"2242998364";"iNaturalist";146
"DWC_ARCHIVE";"HUMAN_OBSERVATION";"Phormium colensoi";175,230008;-41,117771;2018;"NZL";"2265780387";"iNaturalist";244
"DWC_ARCHIVE";"HUMAN_OBSERVATION";"Phormium colensoi";171,470908;-43,636751;2018;"NZL";"3070605564";"iNaturalist";1953
"DWC_ARCHIVE";"HUMAN_OBSERVATION";"Phormium colensoi";170,604074;-45,777069;2018;"NZL";"3468912576";"iNaturalist";31
"DWC_ARCHIVE";"HUMAN_OBSERVATION";"Phormium colensoi";172,667145;-43,512924;2018;"NZL";"1948764272";"iNaturalist";NA
"DWC_ARCHIVE";"HUMAN_OBSERVATION";"Phormium colensoi";175,477783;-40,906666;2018;"NZL";"1948772138";"iNaturalist";NA
"DWC_ARCHIVE";"HUMAN_OBSERVATION";"Phormium colensoi";174,68864;-36,931718;2018;"NZL";"1949995213";"iNaturalist";31
"DWC_ARCHIVE";"HUMAN_OBSERVATION";"Phormium colensoi";170,568648;-45,906278;2018;"NZL";"1950023473";"iNaturalist";349
"DWC_ARCHIVE";"HUMAN_OBSERVATION";"Phormium colensoi";171,345865;-42,391701;2018;"NZL";"1978849704";"iNaturalist";642
"DWC_ARCHIVE";"HUMAN_OBSERVATION";"Phormium colensoi";170,5036;-45,801425;2018;"NZL";"1978852818";"iNaturalist";5
"DWC_ARCHIVE";"HUMAN_OBSERVATION";"Phormium colensoi";174,827907;-41,106249;2018;"NZL";"1978855912";"iNaturalist";10
"DWC_ARCHIVE";"HUMAN_OBSERVATION";"Phormium colensoi";174,837865;-41,102331;2018;"NZL";"1978858128";"iNaturalist";100
"DWC_ARCHIVE";"HUMAN_OBSERVATION";"Phormium colensoi";172,385767;-42,382865;2018;"NZL";"1986521670";"iNaturalist";175
"DWC_ARCHIVE";"HUMAN_OBSERVATION";"Phormium colensoi";176,415645;-39,414764;2018;"NZL";"1990614040";"iNaturalist";31
"DWC_ARCHIVE";"HUMAN_OBSERVATION";"Phormium colensoi";176,3626;-39,358128;2018;"NZL";"2028440988";"iNaturalist";488
"DWC_ARCHIVE";"HUMAN_OBSERVATION";"Phormium colensoi";172,563563;-40,635884;2018;"NZL";"2802542212";"iNaturalist";15
"DWC_ARCHIVE";"HUMAN_OBSERVATION";"Phormium colensoi";172,991572;-41,614857;2018;"NZL";"3070322549";"iNaturalist";10986
"DWC_ARCHIVE";"HUMAN_OBSERVATION";"Phormium colensoi";174,803358;-37,865238;2018;"NZL";"3327725316";"iNaturalist";244
"DWC_ARCHIVE";"HUMAN_OBSERVATION";"Phormium colensoi";175,748625;-38,937072;2018;"NZL";"3408164312";"iNaturalist";4
"DWC_ARCHIVE";"HUMAN_OBSERVATION";"Phormium colensoi";174,826438;-41,106035;2017;"NZL";"1453336942";"iNaturalist";7
"DWC_ARCHIVE";"HUMAN_OBSERVATION";"Phormium colensoi";172,562699;-40,636694;2017;"NZL";"1453354597";"iNaturalist";10
"DWC_ARCHIVE";"HUMAN_OBSERVATION";"Phormium colensoi";171,567263;-42,9106;2017;"NZL";"1453416227";"iNaturalist";50
"DWC_ARCHIVE";"HUMAN_OBSERVATION";"Phormium colensoi";171,559036;-42,911781;2017;"NZL";"1453416346";"iNaturalist";NA
"DWC_ARCHIVE";"HUMAN_OBSERVATION";"Phormium colensoi";171,567993;-42,887033;2017;"NZL";"1500221360";"iNaturalist";1953
"DWC_ARCHIVE";"HUMAN_OBSERVATION";"Phormium colensoi";171,566448;-42,91036;2017;"NZL";"1586917759";"iNaturalist";61
"DWC_ARCHIVE";"HUMAN_OBSERVATION";"Phormium colensoi";172,646882;-40,943897;2017;"NZL";"3455434328";"iNaturalist";NA
"DWC_ARCHIVE";"HUMAN_OBSERVATION";"Phormium colensoi";170,130699;-46,17615;2017;"NZL";"1453402064";"iNaturalist";8
"DWC_ARCHIVE";"HUMAN_OBSERVATION";"Phormium colensoi";171,795586;-41,735084;2017;"NZL";"1571066174";"iNaturalist";6
"DWC_ARCHIVE";"HUMAN_OBSERVATION";"Phormium colensoi";171,810898;-41,756773;2017;"NZL";"1933601380";"iNaturalist";31
"DWC_ARCHIVE";"HUMAN_OBSERVATION";"Phormium colensoi";176,92855;-39,941295;2017;"NZL";"2013761963";"iNaturalist";10
"DWC_ARCHIVE";"HUMAN_OBSERVATION";"Phormium colensoi";174,914847;-41,018308;2017;"NZL";"1500284062";"iNaturalist";7
"DWC_ARCHIVE";"HUMAN_OBSERVATION";"Phormium colensoi";171,830594;-41,765283;2017;"NZL";"1571068455";"iNaturalist";15
"DWC_ARCHIVE";"HUMAN_OBSERVATION";"Phormium colensoi";171,828956;-41,765028;2017;"NZL";"1571069576";"iNaturalist";8
"DWC_ARCHIVE";"HUMAN_OBSERVATION";"Phormium colensoi";171,74352;-41,778395;2017;"NZL";"1571071397";"iNaturalist";31
"DWC_ARCHIVE";"HUMAN_OBSERVATION";"Phormium colensoi";171,450107;-42,197638;2017;"NZL";"1562948147";"iNaturalist";NA
"DWC_ARCHIVE";"HUMAN_OBSERVATION";"Phormium colensoi";171,64108;-41,88436;2017;"NZL";"1571072155";"iNaturalist";15
"DWC_ARCHIVE";"HUMAN_OBSERVATION";"Phormium colensoi";171,54902;-41,896721;2017;"NZL";"2802757323";"iNaturalist";8
"DWC_ARCHIVE";"HUMAN_OBSERVATION";"Phormium colensoi";172,594201;-43,493046;2017;"NZL";"1571165175";"iNaturalist";8
"DWC_ARCHIVE";"HUMAN_OBSERVATION";"Phormium colensoi";171,397633;-42,335745;2017;"NZL";"1584406630";"iNaturalist";771
"DWC_ARCHIVE";"HUMAN_OBSERVATION";"Phormium colensoi";172,086285;-42,312408;2017;"NZL";"1640058192";"iNaturalist";NA
"DWC_ARCHIVE";"HUMAN_OBSERVATION";"Phormium colensoi";171,74348;-43,295245;2017;"NZL";"1640099421";"iNaturalist";NA
"DWC_ARCHIVE";"HUMAN_OBSERVATION";"Phormium colensoi";171,544853;-42,897932;2017;"NZL";"1677279730";"iNaturalist";NA
"DWC_ARCHIVE";"HUMAN_OBSERVATION";"Phormium colensoi";172,056212;-41,614327;2017;"NZL";"1677302739";"iNaturalist";122
"DWC_ARCHIVE";"HUMAN_OBSERVATION";"Phormium colensoi";174,60758;-36,992397;2017;"NZL";"1703143558";"iNaturalist";26
"DWC_ARCHIVE";"HUMAN_OBSERVATION";"Phormium colensoi";173,275624;-41,285883;2017;"NZL";"1703143911";"iNaturalist";5
"DWC_ARCHIVE";"HUMAN_OBSERVATION";"Phormium colensoi";174,605199;-37,020687;2017;"NZL";"1702475338";"iNaturalist";37
"DWC_ARCHIVE";"HUMAN_OBSERVATION";"Phormium colensoi";173,276598;-41,285571;2017;"NZL";"1703155545";"iNaturalist";24
"DWC_ARCHIVE";"HUMAN_OBSERVATION";"Phormium colensoi";170,963231;-42,720032;2017;"NZL";"1703171840";"iNaturalist";5
"DWC_ARCHIVE";"HUMAN_OBSERVATION";"Phormium colensoi";171,369085;-42,101329;2017;"NZL";"1703205901";"iNaturalist";146
"DWC_ARCHIVE";"HUMAN_OBSERVATION";"Phormium colensoi";176,764722;-39,116111;2017;"NZL";"1841190730";"iNaturalist";NA
"DWC_ARCHIVE";"HUMAN_OBSERVATION";"Phormium colensoi";172,754002;-41,850456;2017;"NZL";"1802687512";"iNaturalist";488
"DWC_ARCHIVE";"HUMAN_OBSERVATION";"Phormium colensoi";176,020965;-39,900825;2017;"NZL";"1802727404";"iNaturalist";6
"DWC_ARCHIVE";"HUMAN_OBSERVATION";"Phormium colensoi";175,003973;-41,345475;2017;"NZL";"1802747963";"iNaturalist";15
"DWC_ARCHIVE";"HUMAN_OBSERVATION";"Phormium colensoi";167,71319;-45,416732;2017;"NZL";"3698186883";"iNaturalist";977
"DWC_ARCHIVE";"HUMAN_OBSERVATION";"Phormium colensoi";174,882525;-41,391417;2016;"NZL";"1229611642";"iNaturalist";10
"DWC_ARCHIVE";"HUMAN_OBSERVATION";"Phormium colensoi";172,524018;-41,567889;2016;"NZL";"1229615233";"iNaturalist";198
"DWC_ARCHIVE";"HUMAN_OBSERVATION";"Phormium colensoi";171,563358;-42,792283;2016;"NZL";"1229927128";"iNaturalist";1000
"DWC_ARCHIVE";"HUMAN_OBSERVATION";"Phormium colensoi";173,006669;-40,804358;2016;"NZL";"1229929804";"iNaturalist";NA
"DWC_ARCHIVE";"HUMAN_OBSERVATION";"Phormium colensoi";170,524356;-45,805398;2016;"NZL";"1229930327";"iNaturalist";NA
"DWC_ARCHIVE";"HUMAN_OBSERVATION";"Phormium colensoi";173,006;-40,80394;2016;"NZL";"1233597747";"iNaturalist";NA
"DWC_ARCHIVE";"HUMAN_OBSERVATION";"Phormium colensoi";173,006;-40,803947;2016;"NZL";"1233597755";"iNaturalist";NA
"DWC_ARCHIVE";"HUMAN_OBSERVATION";"Phormium colensoi";173,006684;-40,804348;2016;"NZL";"1233597804";"iNaturalist";NA
"DWC_ARCHIVE";"HUMAN_OBSERVATION";"Phormium colensoi";173,007871;-40,816737;2016;"NZL";"1233598996";"iNaturalist";NA
"DWC_ARCHIVE";"HUMAN_OBSERVATION";"Phormium colensoi";174,225193;-41,111685;2016;"NZL";"1233603054";"iNaturalist";76
"DWC_ARCHIVE";"HUMAN_OBSERVATION";"Phormium colensoi";173,00279;-40,800731;2016;"NZL";"1249284131";"iNaturalist";NA
"DWC_ARCHIVE";"HUMAN_OBSERVATION";"Phormium colensoi";173,0032;-40,801606;2016;"NZL";"1249284217";"iNaturalist";NA
"DWC_ARCHIVE";"HUMAN_OBSERVATION";"Phormium colensoi";171,560126;-42,909651;2016;"NZL";"1249292682";"iNaturalist";200
"DWC_ARCHIVE";"HUMAN_OBSERVATION";"Phormium colensoi";173,006705;-40,80437;2016;"NZL";"2265800339";"iNaturalist";NA
"DWC_ARCHIVE";"HUMAN_OBSERVATION";"Phormium colensoi";176,896212;-39,687424;2016;"NZL";"2397472912";"iNaturalist";102
"DWC_ARCHIVE";"HUMAN_OBSERVATION";"Phormium colensoi";174,829216;-41,107542;2016;"NZL";"2397474045";"iNaturalist";NA
"DWC_ARCHIVE";"HUMAN_OBSERVATION";"Phormium colensoi";167,778613;-44,798349;2016;"NZL";"3355648800";"iNaturalist";61
"DWC_ARCHIVE";"HUMAN_OBSERVATION";"Phormium colensoi";172,748497;-42,019936;2016;"NZL";"1262371897";"iNaturalist";121
"DWC_ARCHIVE";"HUMAN_OBSERVATION";"Phormium colensoi";171,541923;-42,896894;2016;"NZL";"1265549227";"iNaturalist";NA
"DWC_ARCHIVE";"HUMAN_OBSERVATION";"Phormium colensoi";171,561497;-42,935735;2016;"NZL";"2397654082";"iNaturalist";1228
"DWC_ARCHIVE";"HUMAN_OBSERVATION";"Phormium colensoi";175,286664;-39,786616;2016;"NZL";"1265563751";"iNaturalist";5
"DWC_ARCHIVE";"HUMAN_OBSERVATION";"Phormium colensoi";168,370113;-45,527724;2016;"NZL";"1453414099";"iNaturalist";300
"DWC_ARCHIVE";"HUMAN_OBSERVATION";"Phormium colensoi";170,458117;-45,794243;2016;"NZL";"1272087493";"iNaturalist";185
"DWC_ARCHIVE";"HUMAN_OBSERVATION";"Phormium colensoi";171,25837;-42,359127;2016;"NZL";"1272099078";"iNaturalist";48
"DWC_ARCHIVE";"HUMAN_OBSERVATION";"Phormium colensoi";172,816755;-43,082182;2016;"NZL";"1315060157";"iNaturalist";44
"DWC_ARCHIVE";"HUMAN_OBSERVATION";"Phormium colensoi";174,932;-40,852553;2016;"NZL";"1323000463";"iNaturalist";10
"DWC_ARCHIVE";"HUMAN_OBSERVATION";"Phormium colensoi";171,389503;-42,289778;2016;"NZL";"1323019698";"iNaturalist";NA
"DWC_ARCHIVE";"HUMAN_OBSERVATION";"Phormium colensoi";167,880878;-46,944319;2016;"NZL";"1453127651";"iNaturalist";1078
"DWC_ARCHIVE";"HUMAN_OBSERVATION";"Phormium colensoi";175,397415;-41,053466;2016;"NZL";"2397706019";"iNaturalist";1953
"DWC_ARCHIVE";"HUMAN_OBSERVATION";"Phormium colensoi";174,932312;-40,852706;2016;"NZL";"2397706045";"iNaturalist";10
"DWC_ARCHIVE";"HUMAN_OBSERVATION";"Phormium colensoi";175,777257;-40,31007;2016;"NZL";"1453183215";"iNaturalist";10
"DWC_ARCHIVE";"HUMAN_OBSERVATION";"Phormium colensoi";171,528529;-43,550221;2016;"NZL";"1586089077";"iNaturalist";NA
"DWC_ARCHIVE";"HUMAN_OBSERVATION";"Phormium colensoi";174,7342;-36,8405;2016;"NZL";"1453263625";"iNaturalist";NA
"DWC_ARCHIVE";"HUMAN_OBSERVATION";"Phormium colensoi";176,170935;-37,625774;2016;"NZL";"1453301971";"iNaturalist";5
"DWC_ARCHIVE";"HUMAN_OBSERVATION";"Phormium colensoi";174,810526;-36,827385;2016;"NZL";"1453311105";"iNaturalist";8
"DWC_ARCHIVE";"HUMAN_OBSERVATION";"Phormium colensoi";175,225918;-37,782437;2016;"NZL";"1453312772";"iNaturalist";NA
"DWC_ARCHIVE";"HUMAN_OBSERVATION";"Phormium colensoi";170,472013;-45,80378;2016;"NZL";"1703126715";"iNaturalist";31
"DWC_ARCHIVE";"HUMAN_OBSERVATION";"Phormium colensoi";176,88477;-39,489267;2015;"NZL";"1065609414";"iNaturalist";25
"DWC_ARCHIVE";"HUMAN_OBSERVATION";"Phormium colensoi";174,015627;-41,279387;2015;"NZL";"2397445831";"iNaturalist";61
"DWC_ARCHIVE";"HUMAN_OBSERVATION";"Phormium colensoi";171,564528;-42,944125;2015;"NZL";"2518011638";"iNaturalist";NA
"DWC_ARCHIVE";"PRESERVED_SPECIMEN";"Phormium colensoi";171,160258;-43,018832;2015;"NZL";"3418532311";"CHR";NA
"DWC_ARCHIVE";"PRESERVED_SPECIMEN";"Phormium colensoi";171,258185;-43,020425;2015;"NZL";"3418534328";"CHR";NA
"DWC_ARCHIVE";"PRESERVED_SPECIMEN";"Phormium colensoi";172,062055;-41,805404;2015;"NZL";"3751266494";"CHR";NA
"DWC_ARCHIVE";"PRESERVED_SPECIMEN";"Phormium colensoi";167,151067;-45,90869;2015;"NZL";"3751268434";"CHR";NA
"DWC_ARCHIVE";"PRESERVED_SPECIMEN";"Phormium colensoi";166,632013;-45,885904;2015;"NZL";"3751276332";"CHR";NA
"DWC_ARCHIVE";"PRESERVED_SPECIMEN";"Phormium colensoi";169,9619;-43,5693;2015;"NZL";"3751278428";"CHR";NA
"DWC_ARCHIVE";"HUMAN_OBSERVATION";"Phormium colensoi";175,549133;-39,207925;2015;"NZL";"2518037925";"iNaturalist";4
"DWC_ARCHIVE";"PRESERVED_SPECIMEN";"Phormium colensoi";167,893;-45,657;2015;"NZL";"3751278439";"CHR";NA
"DWC_ARCHIVE";"HUMAN_OBSERVATION";"Phormium colensoi";167,305507;-45,281035;2015;"NZL";"1088976751";"iNaturalist";456
"DWC_ARCHIVE";"HUMAN_OBSERVATION";"Phormium colensoi";167,392045;-44,816103;2015;"NZL";"1092903458";"iNaturalist";377
"DWC_ARCHIVE";"HUMAN_OBSERVATION";"Phormium colensoi";170,825898;-45,346197;2015;"NZL";"1092907747";"iNaturalist";NA
"DWC_ARCHIVE";"HUMAN_OBSERVATION";"Phormium colensoi";171,372814;-42,317381;2015;"NZL";"1122965793";"iNaturalist";785
"DWC_ARCHIVE";"HUMAN_OBSERVATION";"Phormium colensoi";172,724369;-43,568485;2015;"NZL";"2422819400";"iNaturalist";NA
"DWC_ARCHIVE";"HUMAN_OBSERVATION";"Phormium colensoi";171,749652;-43,184798;2015;"NZL";"1227771601";"iNaturalist";1471
"DWC_ARCHIVE";"HUMAN_OBSERVATION";"Phormium colensoi";169,64191;-45,691663;2015;"NZL";"1211994269";"iNaturalist";46
"DWC_ARCHIVE";"HUMAN_OBSERVATION";"Phormium colensoi";174,825305;-41,108856;2015;"NZL";"1227741555";"iNaturalist";4
"DWC_ARCHIVE";"HUMAN_OBSERVATION";"Phormium colensoi";170,504894;-45,801053;2015;"NZL";"1227742079";"iNaturalist";92
"DWC_ARCHIVE";"HUMAN_OBSERVATION";"Phormium colensoi";174,734301;-36,840532;2015;"NZL";"1227747887";"iNaturalist";5
"DWC_ARCHIVE";"HUMAN_OBSERVATION";"Phormium colensoi";172,358495;-40,898787;2015;"NZL";"1249282020";"iNaturalist";NA
"DWC_ARCHIVE";"HUMAN_OBSERVATION";"Phormium colensoi";173,22039;-42,245113;2015;"NZL";"2429204304";"iNaturalist";764
"DWC_ARCHIVE";"HUMAN_OBSERVATION";"Phormium colensoi";174,440758;-36,817822;2014;"NZL";"1038315850";"iNaturalist";192
"DWC_ARCHIVE";"HUMAN_OBSERVATION";"Phormium colensoi";170,102785;-43,714976;2014;"NZL";"1065608983";"iNaturalist";94
"DWC_ARCHIVE";"HUMAN_OBSERVATION";"Phormium colensoi";174,84015;-41,094005;2014;"NZL";"1227776920";"iNaturalist";NA
"DWC_ARCHIVE";"HUMAN_OBSERVATION";"Phormium colensoi";172,461319;-40,792972;2014;"NZL";"1836581194";"iNaturalist";122
"DWC_ARCHIVE";"HUMAN_OBSERVATION";"Phormium colensoi";172,611319;-43,065878;2014;"NZL";"2252088768";"iNaturalist";NA
"DWC_ARCHIVE";"PRESERVED_SPECIMEN";"Phormium colensoi";173,510136;-42,312476;2014;"NZL";"3418528302";"CHR";NA
"DWC_ARCHIVE";"HUMAN_OBSERVATION";"Phormium colensoi";172,894432;-43,09778;2014;"NZL";"1038316954";"iNaturalist";5
"DWC_ARCHIVE";"HUMAN_OBSERVATION";"Phormium colensoi";174,887142;-41,036151;2014;"NZL";"1038317428";"iNaturalist";4509
"DWC_ARCHIVE";"HUMAN_OBSERVATION";"Phormium colensoi";172,761388;-43,056534;2014;"NZL";"1038317657";"iNaturalist";NA
"DWC_ARCHIVE";"HUMAN_OBSERVATION";"Phormium colensoi";171,808083;-41,759148;2014;"NZL";"1038317874";"iNaturalist";200
"DWC_ARCHIVE";"HUMAN_OBSERVATION";"Phormium colensoi";174,717472;-36,759872;2014;"NZL";"1038321401";"iNaturalist";NA
"DWC_ARCHIVE";"HUMAN_OBSERVATION";"Phormium colensoi";172,137737;-42,291279;2014;"NZL";"1038322659";"iNaturalist";NA
"DWC_ARCHIVE";"PRESERVED_SPECIMEN";"Phormium colensoi";171,672441;-42,017661;2014;"NZL";"3418538337";"CHR";NA
"DWC_ARCHIVE";"HUMAN_OBSERVATION";"Phormium colensoi";172,673637;-43,387267;2014;"NZL";"1038324467";"iNaturalist";NA
"DWC_ARCHIVE";"HUMAN_OBSERVATION";"Phormium colensoi";175,231346;-41,111645;2014;"NZL";"1038325362";"iNaturalist";25
"DWC_ARCHIVE";"HUMAN_OBSERVATION";"Phormium colensoi";172,537515;-43,147591;2014;"NZL";"2397032031";"iNaturalist";NA
"DWC_ARCHIVE";"HUMAN_OBSERVATION";"Phormium colensoi";175,032162;-41,124154;2014;"NZL";"1227713540";"iNaturalist";25
"DWC_ARCHIVE";"HUMAN_OBSERVATION";"Phormium colensoi";174,981572;-40,891164;2014;"NZL";"1038329041";"iNaturalist";25
"DWC_ARCHIVE";"HUMAN_OBSERVATION";"Phormium colensoi";174,885886;-41,028688;2014;"NZL";"1038330507";"iNaturalist";NA
"DWC_ARCHIVE";"HUMAN_OBSERVATION";"Phormium colensoi";175,431946;-40,942222;2014;"NZL";"1227713712";"iNaturalist";50
"DWC_ARCHIVE";"HUMAN_OBSERVATION";"Phormium colensoi";172,633501;-43,580353;2014;"NZL";"1038344561";"iNaturalist";NA
"DWC_ARCHIVE";"HUMAN_OBSERVATION";"Phormium colensoi";173,709975;-42,427308;2014;"NZL";"1052588745";"iNaturalist";98
"DWC_ARCHIVE";"HUMAN_OBSERVATION";"Phormium colensoi";175,727177;-36,82873;2014;"NZL";"1065599518";"iNaturalist";130
"DWC_ARCHIVE";"HUMAN_OBSERVATION";"Phormium colensoi";173,015026;-43,750452;2013;"NZL";"1038299848";"iNaturalist";NA
"DWC_ARCHIVE";"HUMAN_OBSERVATION";"Phormium colensoi";173,225171;-41,299556;2013;"NZL";"1038300869";"iNaturalist";5
"DWC_ARCHIVE";"HUMAN_OBSERVATION";"Phormium colensoi";174,945742;-40,995914;2013;"NZL";"3398760302";"iNaturalist";NA
"DWC_ARCHIVE";"HUMAN_OBSERVATION";"Phormium colensoi";170,466099;-45,832208;2013;"NZL";"1038303370";"iNaturalist";370
"DWC_ARCHIVE";"HUMAN_OBSERVATION";"Phormium colensoi";171,331273;-42,144246;2013;"NZL";"1291169802";"iNaturalist";NA
"DWC_ARCHIVE";"HUMAN_OBSERVATION";"Phormium colensoi";174,898129;-41,02912;2013;"NZL";"1038307633";"iNaturalist";21
"DWC_ARCHIVE";"HUMAN_OBSERVATION";"Phormium colensoi";176,888423;-39,391818;2013;"NZL";"1038308077";"iNaturalist";NA
"DWC_ARCHIVE";"HUMAN_OBSERVATION";"Phormium colensoi";176,1705;-37,625833;2013;"NZL";"1038311670";"iNaturalist";NA
"DWC_ARCHIVE";"HUMAN_OBSERVATION";"Phormium colensoi";176,171333;-37,625667;2013;"NZL";"2423262268";"iNaturalist";NA
"DWC_ARCHIVE";"HUMAN_OBSERVATION";"Phormium colensoi";175,879667;-37,734333;2013;"NZL";"1920852786";"iNaturalist";NA
"DWC_ARCHIVE";"HUMAN_OBSERVATION";"Phormium colensoi";170,453525;-45,835049;2013;"NZL";"2802546305";"iNaturalist";NA
"DWC_ARCHIVE";"HUMAN_OBSERVATION";"Phormium colensoi";175,676959;-40,356571;2013;"NZL";"2823091968";"iNaturalist";48827
"DWC_ARCHIVE";"HUMAN_OBSERVATION";"Phormium colensoi";172,732115;-43,53318;2013;"NZL";"1038313540";"iNaturalist";NA
"DWC_ARCHIVE";"HUMAN_OBSERVATION";"Phormium colensoi";172,527924;-41,557549;2013;"NZL";"1038314602";"iNaturalist";NA
"DWC_ARCHIVE";"HUMAN_OBSERVATION";"Phormium colensoi";168,702744;-45,021456;2013;"NZL";"3456275314";"iNaturalist";NA
"DWC_ARCHIVE";"HUMAN_OBSERVATION";"Phormium colensoi";166,9147;-45,2322;2012;"NZL";"1313430098";"Landcare Research";5
"DWC_ARCHIVE";"HUMAN_OBSERVATION";"Phormium colensoi";166,9142;-45,2323;2012;"NZL";"1313430188";"Landcare Research";5
"DWC_ARCHIVE";"HUMAN_OBSERVATION";"Phormium colensoi";166,9133;-45,2317;2012;"NZL";"1313430306";"Landcare Research";5
"DWC_ARCHIVE";"HUMAN_OBSERVATION";"Phormium colensoi";166,9218;-45,2357;2012;"NZL";"1313430382";"Landcare Research";5
"DWC_ARCHIVE";"HUMAN_OBSERVATION";"Phormium colensoi";166,9199;-45,2364;2012;"NZL";"1313430455";"Landcare Research";6
"DWC_ARCHIVE";"HUMAN_OBSERVATION";"Phormium colensoi";166,918;-45,2395;2012;"NZL";"1313430696";"Landcare Research";6
"DWC_ARCHIVE";"HUMAN_OBSERVATION";"Phormium colensoi";166,9555;-45,2679;2012;"NZL";"1313430755";"Landcare Research";5
"DWC_ARCHIVE";"HUMAN_OBSERVATION";"Phormium colensoi";166,9572;-45,2674;2012;"NZL";"1313431246";"Landcare Research";6
"DWC_ARCHIVE";"HUMAN_OBSERVATION";"Phormium colensoi";166,9571;-45,2658;2012;"NZL";"1313431431";"Landcare Research";10
"DWC_ARCHIVE";"HUMAN_OBSERVATION";"Phormium colensoi";172,575348;-43,475188;2012;"NZL";"1038300650";"iNaturalist";NA
"DWC_ARCHIVE";"HUMAN_OBSERVATION";"Phormium colensoi";172,575348;-43,475188;2012;"NZL";"1038300662";"iNaturalist";NA
"DWC_ARCHIVE";"HUMAN_OBSERVATION";"Phormium colensoi";168,6455;-44,2696;2012;"NZL";"1313432672";"Landcare Research";5
"DWC_ARCHIVE";"HUMAN_OBSERVATION";"Phormium colensoi";168,654;-44,2729;2012;"NZL";"1313432701";"Landcare Research";5
"DWC_ARCHIVE";"HUMAN_OBSERVATION";"Phormium colensoi";173,245783;-42,946733;2012;"NZL";"1038297748";"iNaturalist";NA
"DWC_ARCHIVE";"HUMAN_OBSERVATION";"Phormium colensoi";169,7462;-45,8416;2012;"NZL";"3096763316";"Landcare Research";5
"DWC_ARCHIVE";"HUMAN_OBSERVATION";"Phormium colensoi";172,08;-41,5351;2011;"NZL";"1313403352";"Landcare Research";50
"DWC_ARCHIVE";"HUMAN_OBSERVATION";"Phormium colensoi";172,0604;-41,5372;2011;"NZL";"1313403558";"Landcare Research";5
"DWC_ARCHIVE";"HUMAN_OBSERVATION";"Phormium colensoi";172,0586;-41,5397;2011;"NZL";"1313403883";"Landcare Research";5
"DWC_ARCHIVE";"HUMAN_OBSERVATION";"Phormium colensoi";172,1008;-41,5418;2011;"NZL";"1313403966";"Landcare Research";5
"DWC_ARCHIVE";"HUMAN_OBSERVATION";"Phormium colensoi";172,1481;-41,5433;2011;"NZL";"1313404146";"Landcare Research";5
"DWC_ARCHIVE";"HUMAN_OBSERVATION";"Phormium colensoi";172,0945;-41,5436;2011;"NZL";"1313404435";"Landcare Research";5
"DWC_ARCHIVE";"HUMAN_OBSERVATION";"Phormium colensoi";172,2951;-41,4743;2011;"NZL";"1313398106";"Landcare Research";5
"DWC_ARCHIVE";"HUMAN_OBSERVATION";"Phormium colensoi";172,2841;-41,4922;2011;"NZL";"1313398444";"Landcare Research";5
"DWC_ARCHIVE";"HUMAN_OBSERVATION";"Phormium colensoi";172,28;-41,2685;2011;"NZL";"1313401338";"Landcare Research";5
"DWC_ARCHIVE";"HUMAN_OBSERVATION";"Phormium colensoi";172,2716;-41,2522;2011;"NZL";"1313402433";"Landcare Research";5
"DWC_ARCHIVE";"HUMAN_OBSERVATION";"Phormium colensoi";172,3202;-41,1974;2011;"NZL";"1313403283";"Landcare Research";5
"DWC_ARCHIVE";"HUMAN_OBSERVATION";"Phormium colensoi";171,8665;-41,7139;2011;"NZL";"1313407437";"Landcare Research";5
"DWC_ARCHIVE";"HUMAN_OBSERVATION";"Phormium colensoi";171,8545;-41,7287;2011;"NZL";"1313407589";"Landcare Research";5
"DWC_ARCHIVE";"HUMAN_OBSERVATION";"Phormium colensoi";171,8502;-41,7338;2011;"NZL";"1313407616";"Landcare Research";5
"DWC_ARCHIVE";"HUMAN_OBSERVATION";"Phormium colensoi";171,8489;-41,7365;2011;"NZL";"1313407682";"Landcare Research";5
"DWC_ARCHIVE";"HUMAN_OBSERVATION";"Phormium colensoi";171,8446;-41,7418;2011;"NZL";"1313407708";"Landcare Research";5
"DWC_ARCHIVE";"HUMAN_OBSERVATION";"Phormium colensoi";171,8388;-41,7472;2011;"NZL";"1313407732";"Landcare Research";5
"DWC_ARCHIVE";"HUMAN_OBSERVATION";"Phormium colensoi";171,9442;-41,5918;2011;"NZL";"1313406654";"Landcare Research";5
"DWC_ARCHIVE";"HUMAN_OBSERVATION";"Phormium colensoi";171,932;-41,6007;2011;"NZL";"1313406859";"Landcare Research";5
"DWC_ARCHIVE";"HUMAN_OBSERVATION";"Phormium colensoi";171,9165;-41,6181;2011;"NZL";"1313407038";"Landcare Research";5
"DWC_ARCHIVE";"HUMAN_OBSERVATION";"Phormium colensoi";171,9122;-41,6234;2011;"NZL";"1313407056";"Landcare Research";5
"DWC_ARCHIVE";"HUMAN_OBSERVATION";"Phormium colensoi";171,9124;-41,6259;2011;"NZL";"1313407073";"Landcare Research";5
"DWC_ARCHIVE";"HUMAN_OBSERVATION";"Phormium colensoi";171,8988;-41,653;2011;"NZL";"1313407111";"Landcare Research";5
"DWC_ARCHIVE";"HUMAN_OBSERVATION";"Phormium colensoi";171,9038;-41,6405;2011;"NZL";"1313407119";"Landcare Research";5
"DWC_ARCHIVE";"HUMAN_OBSERVATION";"Phormium colensoi";171,8852;-41,6734;2011;"NZL";"1313407276";"Landcare Research";5
"DWC_ARCHIVE";"HUMAN_OBSERVATION";"Phormium colensoi";171,86;-41,7244;2011;"NZL";"1313407558";"Landcare Research";5
"DWC_ARCHIVE";"HUMAN_OBSERVATION";"Phormium colensoi";172,0492;-41,5435;2011;"NZL";"1313404325";"Landcare Research";5
"DWC_ARCHIVE";"HUMAN_OBSERVATION";"Phormium colensoi";172,3313;-41,5316;2010;"NZL";"1889975912";"Landcare Research";11,9
"DWC_ARCHIVE";"HUMAN_OBSERVATION";"Phormium colensoi";172,3355;-41,5312;2010;"NZL";"1889976058";"Landcare Research";5,8
"DWC_ARCHIVE";"HUMAN_OBSERVATION";"Phormium colensoi";172,3377;-41,5309;2010;"NZL";"1889976107";"Landcare Research";5
"DWC_ARCHIVE";"HUMAN_OBSERVATION";"Phormium colensoi";172,3399;-41,5306;2010;"NZL";"1889976165";"Landcare Research";6,3
"DWC_ARCHIVE";"HUMAN_OBSERVATION";"Phormium colensoi";172,3421;-41,5302;2010;"NZL";"1889976292";"Landcare Research";5,4
"DWC_ARCHIVE";"HUMAN_OBSERVATION";"Phormium colensoi";168,6954;-44,2218;2010;"NZL";"1313408517";"Landcare Research";6
"DWC_ARCHIVE";"HUMAN_OBSERVATION";"Phormium colensoi";174,484525;-36,999701;2010;"NZL";"2856720635";"iNaturalist";1121
