"cell_id";"species";"year";"gbifID";"protocol";"institutionCode";"lat";"lon";"crs"
2;"Hedychium gardnerianum";2022;"3457197023";"DWC_ARCHIVE";"iNaturalist";6664716,94692633;2596620,01000458;"NZMG"
2;"Hedychium gardnerianum";2021;"3031805886";"DWC_ARCHIVE";"iNaturalist";6664758,83543976;2597860,84845701;"NZMG"
2;"Hedychium gardnerianum";2021;"3044816503";"DWC_ARCHIVE";"iNaturalist";6663550,08870151;2597199,42504048;"NZMG"
2;"Hedychium gardnerianum";2021;"3117827775";"DWC_ARCHIVE";"iNaturalist";6664397,99774553;2597506,09687859;"NZMG"
2;"Hedychium gardnerianum";2021;"3384061094";"DWC_ARCHIVE";"iNaturalist";6664500,87529995;2599045,07077614;"NZMG"
2;"Hedychium gardnerianum";2021;"3384498503";"DWC_ARCHIVE";"iNaturalist";6664544,8543208;2598387,21657302;"NZMG"
2;"Hedychium gardnerianum";2021;"3384712050";"DWC_ARCHIVE";"iNaturalist";6663716,93938041;2597864,53528077;"NZMG"
2;"Hedychium gardnerianum";2021;"3398791069";"DWC_ARCHIVE";"iNaturalist";6664014,13396977;2598259,10399507;"NZMG"
2;"Hedychium gardnerianum";2020;"2563550734";"DWC_ARCHIVE";"iNaturalist";6664706,91188398;2598221,19829588;"NZMG"
2;"Hedychium gardnerianum";2020;"2646783316";"DWC_ARCHIVE";NA;6661088,18313151;2595985,88740909;"NZMG"
2;"Hedychium gardnerianum";2020;"3005111888";"DWC_ARCHIVE";"iNaturalist";6664749,44395504;2598254,59743576;"NZMG"
2;"Hedychium gardnerianum";2020;"3008432984";"DWC_ARCHIVE";"iNaturalist";6664528,15772077;2598364,42651099;"NZMG"
2;"Hedychium gardnerianum";2020;"3008533558";"DWC_ARCHIVE";"iNaturalist";6664095,91219011;2598995,51649816;"NZMG"
2;"Hedychium gardnerianum";2019;"2028454650";"DWC_ARCHIVE";"iNaturalist";6663795,04633372;2597340,09417566;"NZMG"
2;"Hedychium gardnerianum";2019;"2647795801";"DWC_ARCHIVE";NA;6663111,01383704;2597089,08340213;"NZMG"
2;"Hedychium gardnerianum";2019;"2423109914";"DWC_ARCHIVE";"iNaturalist";6715722,49823487;2527078,85910932;"NZMG"
2;"Hedychium gardnerianum";2019;"2456543452";"DWC_ARCHIVE";"iNaturalist";6664973,40400731;2599318,86110034;"NZMG"
2;"Hedychium gardnerianum";2019;"2563471171";"DWC_ARCHIVE";"iNaturalist";6664970,82391154;2599312,18093878;"NZMG"
2;"Hedychium gardnerianum";2016;"1249279721";"DWC_ARCHIVE";"iNaturalist";6717806,30738338;2515204,4526719;"NZMG"
2;"Hedychium gardnerianum";2016;"1249290547";"DWC_ARCHIVE";"iNaturalist";6717686,60539092;2521084,32715309;"NZMG"
2;"Hedychium gardnerianum";2016;"1305176057";"DWC_ARCHIVE";"iNaturalist";6661489,95167716;2594991,91761285;"NZMG"
2;"Hedychium gardnerianum";2015;"1265593486";"DWC_ARCHIVE";"iNaturalist";6664057,05044753;2598351,33038146;"NZMG"
2;"Hedychium gardnerianum";2015;"1227727953";"DWC_ARCHIVE";"iNaturalist";6716596,29474407;2523594,91966843;"NZMG"
3;"Hedychium gardnerianum";2022;"3743213905";"DWC_ARCHIVE";"iNaturalist";6666983,19983583;2605581,34831377;"NZMG"
3;"Hedychium gardnerianum";2022;"3764222010";"DWC_ARCHIVE";"iNaturalist";6666982,94373541;2605896,51924923;"NZMG"
3;"Hedychium gardnerianum";2021;"3079605502";"DWC_ARCHIVE";"iNaturalist";6659542,11435767;2612505,411698;"NZMG"
3;"Hedychium gardnerianum";2021;"3109243602";"DWC_ARCHIVE";"iNaturalist";6663695,62146296;2622996,44252171;"NZMG"
3;"Hedychium gardnerianum";2021;"3455264204";"DWC_ARCHIVE";"iNaturalist";6663678,32563808;2622906,84900108;"NZMG"
3;"Hedychium gardnerianum";2021;"3321052777";"DWC_ARCHIVE";"iNaturalist";6659536,0026176;2612609,8158534;"NZMG"
3;"Hedychium gardnerianum";2020;"2818704887";"DWC_ARCHIVE";"iNaturalist";6658932,34696086;2613420,16811956;"NZMG"
3;"Hedychium gardnerianum";2020;"2992716110";"DWC_ARCHIVE";"iNaturalist";6664677,70858308;2622767,4125926;"NZMG"
3;"Hedychium gardnerianum";2020;"3058873676";"DWC_ARCHIVE";"iNaturalist";6664121,39681161;2622938,55372427;"NZMG"
3;"Hedychium gardnerianum";2019;"2005377231";"DWC_ARCHIVE";"iNaturalist";6657512,21411784;2606455,09929244;"NZMG"
3;"Hedychium gardnerianum";2019;"2273230856";"DWC_ARCHIVE";"iNaturalist";6657512,79937053;2606469,57545827;"NZMG"
3;"Hedychium gardnerianum";2016;"2856657884";"DWC_ARCHIVE";"iNaturalist";6659647,06577145;2612682,81085595;"NZMG"
3;"Hedychium gardnerianum";2014;"2992702098";"DWC_ARCHIVE";"iNaturalist";6663544,02489697;2622738,73258722;"NZMG"
3;"Hedychium gardnerianum";2011;"2992672110";"DWC_ARCHIVE";"iNaturalist";6663867,81370601;2623065,05539435;"NZMG"
4;"Hedychium gardnerianum";2019;"2242910791";"DWC_ARCHIVE";"iNaturalist";6643565,54180493;2561880,37468954;"NZMG"
4;"Hedychium gardnerianum";2019;"2251851192";"DWC_ARCHIVE";"iNaturalist";6648953,34185786;2595111,54390785;"NZMG"
4;"Hedychium gardnerianum";2017;"1703228037";"DWC_ARCHIVE";"iNaturalist";6641872,71122896;2551194,83090122;"NZMG"
4;"Hedychium gardnerianum";2016;"1702459178";"DWC_ARCHIVE";"iNaturalist";6637564,02586968;2552168,6534778;"NZMG"
5;"Hedychium gardnerianum";2022;"3760030313";"DWC_ARCHIVE";"iNaturalist";6656363,02316188;2609789,05951473;"NZMG"
5;"Hedychium gardnerianum";2022;"3764127875";"DWC_ARCHIVE";"iNaturalist";6596950,00003348;2645876,67431343;"NZMG"
5;"Hedychium gardnerianum";2022;"3764168875";"DWC_ARCHIVE";"iNaturalist";6596959,42429545;2645833,45238985;"NZMG"
5;"Hedychium gardnerianum";2021;"3321143695";"DWC_ARCHIVE";"iNaturalist";6611604,62132944;2631915,80186822;"NZMG"
5;"Hedychium gardnerianum";2021;"3328043770";"DWC_ARCHIVE";"iNaturalist";6579796,83326299;2634418,18534254;"NZMG"
5;"Hedychium gardnerianum";2021;"3355409575";"DWC_ARCHIVE";"iNaturalist";6602283,96845632;2641877,95362202;"NZMG"
5;"Hedychium gardnerianum";2021;"3455771971";"DWC_ARCHIVE";"iNaturalist";6655742,26211507;2613977,25622583;"NZMG"
5;"Hedychium gardnerianum";2020;"2563525600";"DWC_ARCHIVE";"iNaturalist";6656345,39710906;2609763,25280278;"NZMG"
5;"Hedychium gardnerianum";2020;"2563525768";"DWC_ARCHIVE";"iNaturalist";6656357,25917983;2609780,42845243;"NZMG"
5;"Hedychium gardnerianum";2020;"2976873882";"DWC_ARCHIVE";NA;6606137,8929939;2630766,28137014;"NZMG"
5;"Hedychium gardnerianum";2020;"2814431932";"DWC_ARCHIVE";"iNaturalist";6634578,05777832;2642357,4427291;"NZMG"
5;"Hedychium gardnerianum";2020;"2901673260";"DWC_ARCHIVE";"iNaturalist";6609184,03957133;2631481,27062089;"NZMG"
5;"Hedychium gardnerianum";2020;"2992701735";"DWC_ARCHIVE";"iNaturalist";6612510,53273724;2627361,30955447;"NZMG"
5;"Hedychium gardnerianum";2019;"1986590422";"DWC_ARCHIVE";"iNaturalist";6618436,7654085;2649667,75300936;"NZMG"
5;"Hedychium gardnerianum";2019;"1986615487";"DWC_ARCHIVE";"iNaturalist";6618824,71385206;2649811,35149641;"NZMG"
5;"Hedychium gardnerianum";2019;"1990479210";"DWC_ARCHIVE";"iNaturalist";6617779,45845171;2649946,14681763;"NZMG"
5;"Hedychium gardnerianum";2019;"1990515154";"DWC_ARCHIVE";"iNaturalist";6618514,17615085;2649719,811385;"NZMG"
5;"Hedychium gardnerianum";2019;"1990515692";"DWC_ARCHIVE";"iNaturalist";6618509,59114869;2649721,72179197;"NZMG"
5;"Hedychium gardnerianum";2019;"1990555196";"DWC_ARCHIVE";"iNaturalist";6562651,84090633;2652291,90474027;"NZMG"
5;"Hedychium gardnerianum";2019;"1993773612";"DWC_ARCHIVE";"iNaturalist";6616392,96272329;2640108,46123133;"NZMG"
5;"Hedychium gardnerianum";2019;"1993773615";"DWC_ARCHIVE";"iNaturalist";6616394,39732787;2640329,98110986;"NZMG"
5;"Hedychium gardnerianum";2019;"1993773631";"DWC_ARCHIVE";"iNaturalist";6616385,42026842;2640095,19686984;"NZMG"
5;"Hedychium gardnerianum";2019;"1993773650";"DWC_ARCHIVE";"iNaturalist";6616352,22921624;2640251,7150436;"NZMG"
5;"Hedychium gardnerianum";2019;"1993773684";"DWC_ARCHIVE";"iNaturalist";6616369,3629382;2640229,72222835;"NZMG"
5;"Hedychium gardnerianum";2019;"2005284029";"DWC_ARCHIVE";"iNaturalist";6616384,82927335;2640207,88204951;"NZMG"
5;"Hedychium gardnerianum";2019;"2005335794";"DWC_ARCHIVE";"iNaturalist";6618068,13358517;2647240,92161783;"NZMG"
5;"Hedychium gardnerianum";2019;"2005388297";"DWC_ARCHIVE";"iNaturalist";6633360,46097121;2643288,45122717;"NZMG"
5;"Hedychium gardnerianum";2019;"2006055841";"DWC_ARCHIVE";"iNaturalist";6618003,14868546;2646846,05873883;"NZMG"
5;"Hedychium gardnerianum";2019;"2006084615";"DWC_ARCHIVE";"iNaturalist";6617186,64268773;2645689,47882049;"NZMG"
5;"Hedychium gardnerianum";2019;"2006091662";"DWC_ARCHIVE";"iNaturalist";6618108,89141855;2647940,08476658;"NZMG"
5;"Hedychium gardnerianum";2019;"2648013739";"DWC_ARCHIVE";NA;6656413,40940028;2609796,75085606;"NZMG"
5;"Hedychium gardnerianum";2019;"2006099862";"DWC_ARCHIVE";"iNaturalist";6618076,89397534;2648003,84501286;"NZMG"
5;"Hedychium gardnerianum";2019;"2012959350";"DWC_ARCHIVE";"iNaturalist";6617507,09777285;2644679,47033284;"NZMG"
5;"Hedychium gardnerianum";2019;"2012959473";"DWC_ARCHIVE";"iNaturalist";6617583,98589499;2644453,22159263;"NZMG"
5;"Hedychium gardnerianum";2019;"2012966711";"DWC_ARCHIVE";"iNaturalist";6617001,59279667;2645748,26664829;"NZMG"
5;"Hedychium gardnerianum";2019;"2013710121";"DWC_ARCHIVE";"iNaturalist";6625259,21106394;2646745,705375;"NZMG"
5;"Hedychium gardnerianum";2019;"2013750031";"DWC_ARCHIVE";"iNaturalist";6619123,91569832;2647972,79139842;"NZMG"
5;"Hedychium gardnerianum";2019;"2235526744";"DWC_ARCHIVE";"iNaturalist";6618178,16519025;2647938,97146119;"NZMG"
5;"Hedychium gardnerianum";2019;"2236272817";"DWC_ARCHIVE";"iNaturalist";6616525,44165243;2645272,73631849;"NZMG"
5;"Hedychium gardnerianum";2019;"2236275255";"DWC_ARCHIVE";"iNaturalist";6617043,55653124;2646023,34597113;"NZMG"
5;"Hedychium gardnerianum";2019;"2239033255";"DWC_ARCHIVE";"iNaturalist";6618609,8708288;2649381,45890625;"NZMG"
5;"Hedychium gardnerianum";2019;"2239034714";"DWC_ARCHIVE";"iNaturalist";6618469,78756672;2649401,0338557;"NZMG"
5;"Hedychium gardnerianum";2019;"2251948891";"DWC_ARCHIVE";"iNaturalist";6619335,36171755;2648533,56292303;"NZMG"
5;"Hedychium gardnerianum";2019;"2252044464";"DWC_ARCHIVE";"iNaturalist";6619560,6151848;2648640,75133776;"NZMG"
5;"Hedychium gardnerianum";2019;"2311304037";"DWC_ARCHIVE";"iNaturalist";6625404,63406102;2647235,91046823;"NZMG"
5;"Hedychium gardnerianum";2019;"2423161528";"DWC_ARCHIVE";"iNaturalist";6608963,66783485;2631589,32416824;"NZMG"
5;"Hedychium gardnerianum";2019;"2518005297";"DWC_ARCHIVE";"iNaturalist";6568963,71291098;2649739,22622159;"NZMG"
5;"Hedychium gardnerianum";2017;"1838419312";"DWC_ARCHIVE";"iNaturalist";6606023,19633991;2628493,27642939;"NZMG"
5;"Hedychium gardnerianum";2016;"1305116861";"DWC_ARCHIVE";"iNaturalist";6556850,48173743;2652580,45855891;"NZMG"
7;"Hedychium gardnerianum";2022;"3456485777";"DWC_ARCHIVE";"iNaturalist";6476268,80502311;2661400,14067165;"NZMG"
7;"Hedychium gardnerianum";2022;"3465992017";"DWC_ARCHIVE";"iNaturalist";6473038,0288416;2660736,55810594;"NZMG"
7;"Hedychium gardnerianum";2022;"3465971075";"DWC_ARCHIVE";"iNaturalist";6496459,10206334;2654561,90548867;"NZMG"
7;"Hedychium gardnerianum";2022;"3468764035";"DWC_ARCHIVE";"iNaturalist";6472922,95237273;2665478,38284763;"NZMG"
7;"Hedychium gardnerianum";2022;"3468985875";"DWC_ARCHIVE";"iNaturalist";6472442,45115457;2657994,11246203;"NZMG"
7;"Hedychium gardnerianum";2022;"3468988840";"DWC_ARCHIVE";"iNaturalist";6488239,65324863;2664868,62817146;"NZMG"
7;"Hedychium gardnerianum";2022;"3499524655";"DWC_ARCHIVE";"iNaturalist";6535727,37576624;2655415,68944136;"NZMG"
7;"Hedychium gardnerianum";2022;"3743075939";"DWC_ARCHIVE";"iNaturalist";6469213,67599694;2682696,30597759;"NZMG"
7;"Hedychium gardnerianum";2022;"3759311114";"DWC_ARCHIVE";"iNaturalist";6470669,65499491;2681923,66204974;"NZMG"
7;"Hedychium gardnerianum";2022;"3760336599";"DWC_ARCHIVE";"iNaturalist";6501161,88862185;2640091,21629014;"NZMG"
7;"Hedychium gardnerianum";2022;"3764127711";"DWC_ARCHIVE";"iNaturalist";6480439,10338311;2674895,83779678;"NZMG"
7;"Hedychium gardnerianum";2022;"3773189486";"DWC_ARCHIVE";"iNaturalist";6505741,43388603;2663999,45154051;"NZMG"
7;"Hedychium gardnerianum";2021;"3018064147";"DWC_ARCHIVE";"iNaturalist";6545214,68834536;2671473,91879636;"NZMG"
7;"Hedychium gardnerianum";2021;"3031705425";"DWC_ARCHIVE";"iNaturalist";6498936,87845866;2665301,50498156;"NZMG"
7;"Hedychium gardnerianum";2021;"3031775609";"DWC_ARCHIVE";"iNaturalist";6516091,1869738;2628356,69761924;"NZMG"
7;"Hedychium gardnerianum";2021;"3032064136";"DWC_ARCHIVE";"iNaturalist";6473401,41261863;2657047,26139728;"NZMG"
7;"Hedychium gardnerianum";2021;"3032109496";"DWC_ARCHIVE";"iNaturalist";6489915,5538989;2662064,01036668;"NZMG"
7;"Hedychium gardnerianum";2021;"3039306595";"DWC_ARCHIVE";"iNaturalist";6473656,6975669;2657496,84090837;"NZMG"
7;"Hedychium gardnerianum";2021;"3039369905";"DWC_ARCHIVE";"iNaturalist";6479096,88325886;2645619,64329054;"NZMG"
7;"Hedychium gardnerianum";2021;"3039476303";"DWC_ARCHIVE";"iNaturalist";6486231,2920989;2665253,96287738;"NZMG"
7;"Hedychium gardnerianum";2021;"3061529706";"DWC_ARCHIVE";"iNaturalist";6488592,9531915;2662828,83558083;"NZMG"
7;"Hedychium gardnerianum";2021;"3090665964";"DWC_ARCHIVE";"iNaturalist";6537416,26488277;2664807,78305103;"NZMG"
7;"Hedychium gardnerianum";2021;"3090669709";"DWC_ARCHIVE";"iNaturalist";6474282,76627543;2649108,81097951;"NZMG"
7;"Hedychium gardnerianum";2021;"3112571457";"DWC_ARCHIVE";"iNaturalist";6472409,56401828;2657708,80519416;"NZMG"
7;"Hedychium gardnerianum";2021;"3113584811";"DWC_ARCHIVE";"iNaturalist";6484516,23804981;2638192,18398339;"NZMG"
7;"Hedychium gardnerianum";2021;"3112705164";"DWC_ARCHIVE";"iNaturalist";6480453,41286161;2672704,31351968;"NZMG"
7;"Hedychium gardnerianum";2021;"3314431736";"DWC_ARCHIVE";"iNaturalist";6475617,88550219;2676128,93345417;"NZMG"
7;"Hedychium gardnerianum";2021;"3320897769";"DWC_ARCHIVE";"iNaturalist";6475609,48448797;2676116,98647003;"NZMG"
7;"Hedychium gardnerianum";2021;"3325846357";"DWC_ARCHIVE";"iNaturalist";6488333,35478444;2665060,30293025;"NZMG"
7;"Hedychium gardnerianum";2021;"3328143398";"DWC_ARCHIVE";"iNaturalist";6473398,96819083;2657047,39258807;"NZMG"
7;"Hedychium gardnerianum";2021;"3343935889";"DWC_ARCHIVE";"iNaturalist";6532015,68231477;2659638,69167983;"NZMG"
7;"Hedychium gardnerianum";2021;"3384702219";"DWC_ARCHIVE";"iNaturalist";6469694,70986622;2648127,88158142;"NZMG"
7;"Hedychium gardnerianum";2021;"3384828221";"DWC_ARCHIVE";"iNaturalist";6469301,75125888;2648489,54735204;"NZMG"
7;"Hedychium gardnerianum";2021;"3384861852";"DWC_ARCHIVE";"iNaturalist";6490678,192733;2663220,20178827;"NZMG"
7;"Hedychium gardnerianum";2021;"3384889684";"DWC_ARCHIVE";"iNaturalist";6543493,9437738;2666619,71046675;"NZMG"
7;"Hedychium gardnerianum";2021;"3385000850";"DWC_ARCHIVE";"iNaturalist";6474589,893151;2662413,19819933;"NZMG"
7;"Hedychium gardnerianum";2021;"3384197931";"DWC_ARCHIVE";"iNaturalist";6467176,00523511;2649670,48855146;"NZMG"
7;"Hedychium gardnerianum";2021;"3384575916";"DWC_ARCHIVE";"iNaturalist";6486327,909601;2662782,23069152;"NZMG"
7;"Hedychium gardnerianum";2021;"3391654702";"DWC_ARCHIVE";"iNaturalist";6505345,21254288;2666819,2671594;"NZMG"
7;"Hedychium gardnerianum";2021;"3398782723";"DWC_ARCHIVE";"iNaturalist";6488340,58033577;2665065,26923798;"NZMG"
7;"Hedychium gardnerianum";2021;"3399359765";"DWC_ARCHIVE";"iNaturalist";6488245,24948446;2664921,40930428;"NZMG"
7;"Hedychium gardnerianum";2021;"3408220958";"DWC_ARCHIVE";"iNaturalist";6479046,17771783;2659953,38807213;"NZMG"
7;"Hedychium gardnerianum";2021;"3415709633";"DWC_ARCHIVE";"iNaturalist";6520936,06281414;2657005,28112295;"NZMG"
7;"Hedychium gardnerianum";2021;"3455736057";"DWC_ARCHIVE";"iNaturalist";6485097,86041881;2662709,56156718;"NZMG"
7;"Hedychium gardnerianum";2021;"3456038621";"DWC_ARCHIVE";"iNaturalist";6488112,94861353;2663705,07092541;"NZMG"
7;"Hedychium gardnerianum";2020;"2550143787";"DWC_ARCHIVE";"iNaturalist";6488335,53663299;2665056,6868961;"NZMG"
7;"Hedychium gardnerianum";2020;"2563541438";"DWC_ARCHIVE";"iNaturalist";6470259,11753064;2657318,44332869;"NZMG"
7;"Hedychium gardnerianum";2020;"2626356468";"DWC_ARCHIVE";"iNaturalist";6488236,11256204;2664194,58191209;"NZMG"
7;"Hedychium gardnerianum";2020;"2963934850";"DWC_ARCHIVE";"iNaturalist";6488195,47051975;2664195,46231555;"NZMG"
7;"Hedychium gardnerianum";2020;"2574007547";"DWC_ARCHIVE";"iNaturalist";6516770,00010921;2663193,14450172;"NZMG"
7;"Hedychium gardnerianum";2020;"2576276724";"DWC_ARCHIVE";"iNaturalist";6468924,87325163;2653753,87639968;"NZMG"
7;"Hedychium gardnerianum";2020;"2576405024";"DWC_ARCHIVE";"iNaturalist";6488258,74833134;2664194,94694213;"NZMG"
7;"Hedychium gardnerianum";2020;"2579221838";"DWC_ARCHIVE";"iNaturalist";6488258,74833134;2664194,94694213;"NZMG"
7;"Hedychium gardnerianum";2020;"2579275789";"DWC_ARCHIVE";"iNaturalist";6488258,74833134;2664194,94694213;"NZMG"
7;"Hedychium gardnerianum";2020;"2596298204";"DWC_ARCHIVE";"iNaturalist";6488214,99399987;2664218,17111982;"NZMG"
7;"Hedychium gardnerianum";2020;"2646828602";"DWC_ARCHIVE";NA;6473346,84724982;2656946,85566615;"NZMG"
7;"Hedychium gardnerianum";2020;"2579242081";"DWC_ARCHIVE";"iNaturalist";6470062,30992353;2657577,9525044;"NZMG"
7;"Hedychium gardnerianum";2020;"2611054397";"DWC_ARCHIVE";"iNaturalist";6488403,0056304;2665145,53262619;"NZMG"
7;"Hedychium gardnerianum";2020;"2597700654";"DWC_ARCHIVE";"iNaturalist";6494898,32347529;2665476,93670051;"NZMG"
7;"Hedychium gardnerianum";2020;"2597741666";"DWC_ARCHIVE";"iNaturalist";6509212,88444149;2669970,54268448;"NZMG"
7;"Hedychium gardnerianum";2020;"2611065229";"DWC_ARCHIVE";"iNaturalist";6480827,51480164;2669569,15380228;"NZMG"
7;"Hedychium gardnerianum";2020;"2611396618";"DWC_ARCHIVE";"iNaturalist";6494517,28324517;2661879,52198154;"NZMG"
7;"Hedychium gardnerianum";2020;"2619892214";"DWC_ARCHIVE";"iNaturalist";6488551,22027331;2663690,89907759;"NZMG"
7;"Hedychium gardnerianum";2020;"2619932541";"DWC_ARCHIVE";"iNaturalist";6481184,98193928;2663713,44852896;"NZMG"
7;"Hedychium gardnerianum";2020;"2641337960";"DWC_ARCHIVE";"iNaturalist";6493069,248787;2665920,24208631;"NZMG"
7;"Hedychium gardnerianum";2020;"2802845837";"DWC_ARCHIVE";"iNaturalist";6468811,57492416;2655840,19508904;"NZMG"
7;"Hedychium gardnerianum";2020;"2823104298";"DWC_ARCHIVE";"iNaturalist";6488243,89495042;2664216,07319643;"NZMG"
7;"Hedychium gardnerianum";2020;"2823190228";"DWC_ARCHIVE";"iNaturalist";6488254,69135942;2664203,52454222;"NZMG"
7;"Hedychium gardnerianum";2020;"2826470747";"DWC_ARCHIVE";"iNaturalist";6487704,27240431;2692030,11950365;"NZMG"
7;"Hedychium gardnerianum";2020;"2851319549";"DWC_ARCHIVE";"iNaturalist";6480095,89354503;2677184,79554582;"NZMG"
7;"Hedychium gardnerianum";2020;"2860109862";"DWC_ARCHIVE";"iNaturalist";6464328,76876723;2653299,88843044;"NZMG"
7;"Hedychium gardnerianum";2020;"2860262371";"DWC_ARCHIVE";"iNaturalist";6485852,0336021;2662443,63296115;"NZMG"
7;"Hedychium gardnerianum";2020;"2873761734";"DWC_ARCHIVE";"iNaturalist";6486951,2135285;2664554,37585008;"NZMG"
7;"Hedychium gardnerianum";2020;"2873804033";"DWC_ARCHIVE";"iNaturalist";6516733,19245031;2653163,36107983;"NZMG"
7;"Hedychium gardnerianum";2020;"2898428307";"DWC_ARCHIVE";"iNaturalist";6471595,90092007;2653374,82722088;"NZMG"
7;"Hedychium gardnerianum";2020;"2981028308";"DWC_ARCHIVE";"iNaturalist";6488194,57627409;2695267,36620254;"NZMG"
7;"Hedychium gardnerianum";2020;"3014087625";"DWC_ARCHIVE";"iNaturalist";6478404,61523288;2671749,2841341;"NZMG"
7;"Hedychium gardnerianum";2019;"1986553026";"DWC_ARCHIVE";"iNaturalist";6480182,42736888;2673944,08616547;"NZMG"
7;"Hedychium gardnerianum";2019;"1986586070";"DWC_ARCHIVE";"iNaturalist";6475650,23944958;2683119,90502976;"NZMG"
7;"Hedychium gardnerianum";2019;"1986594517";"DWC_ARCHIVE";"iNaturalist";6478339,9087043;2671986,98152879;"NZMG"
7;"Hedychium gardnerianum";2019;"1986607061";"DWC_ARCHIVE";"iNaturalist";6488195,11790254;2664201,97177707;"NZMG"
7;"Hedychium gardnerianum";2019;"1993750613";"DWC_ARCHIVE";"iNaturalist";6488181,67292216;2664219,28762508;"NZMG"
7;"Hedychium gardnerianum";2019;"2644378481";"DWC_ARCHIVE";NA;6473830,17981838;2658231,72343389;"NZMG"
7;"Hedychium gardnerianum";2019;"1993747287";"DWC_ARCHIVE";"iNaturalist";6488786,15744499;2659655,90936479;"NZMG"
7;"Hedychium gardnerianum";2019;"1993750298";"DWC_ARCHIVE";"iNaturalist";6473751,88523114;2663025,60384135;"NZMG"
7;"Hedychium gardnerianum";2019;"1993751578";"DWC_ARCHIVE";"iNaturalist";6526256,30966043;2658589,26617646;"NZMG"
7;"Hedychium gardnerianum";2019;"1993767019";"DWC_ARCHIVE";"iNaturalist";6488273,12051872;2664948,39461541;"NZMG"
7;"Hedychium gardnerianum";2019;"1993767034";"DWC_ARCHIVE";"iNaturalist";6488325,03480625;2665032,55087814;"NZMG"
7;"Hedychium gardnerianum";2019;"1993768734";"DWC_ARCHIVE";"iNaturalist";6488842,5583609;2692942,08320787;"NZMG"
7;"Hedychium gardnerianum";2019;"2005348611";"DWC_ARCHIVE";"iNaturalist";6526889,69315942;2656676,34798095;"NZMG"
7;"Hedychium gardnerianum";2019;"2013021044";"DWC_ARCHIVE";"iNaturalist";6488716,98723877;2663494,06610934;"NZMG"
7;"Hedychium gardnerianum";2019;"2234793305";"DWC_ARCHIVE";"iNaturalist";6488159,56527406;2664203,66842228;"NZMG"
7;"Hedychium gardnerianum";2019;"2234815449";"DWC_ARCHIVE";"iNaturalist";6489750,76890204;2663206,4311771;"NZMG"
7;"Hedychium gardnerianum";2019;"2235508177";"DWC_ARCHIVE";"iNaturalist";6488177,32442802;2664214,73696456;"NZMG"
7;"Hedychium gardnerianum";2019;"2235526690";"DWC_ARCHIVE";"iNaturalist";6488186,98610786;2664214,48455982;"NZMG"
7;"Hedychium gardnerianum";2019;"2235529967";"DWC_ARCHIVE";"iNaturalist";6488188,41951524;2664214,95966961;"NZMG"
7;"Hedychium gardnerianum";2019;"2235551845";"DWC_ARCHIVE";"iNaturalist";6488195,73681994;2664220,90894378;"NZMG"
7;"Hedychium gardnerianum";2019;"2235554951";"DWC_ARCHIVE";"iNaturalist";6488186,11095698;2664219,37670945;"NZMG"
7;"Hedychium gardnerianum";2019;"2311431700";"DWC_ARCHIVE";"iNaturalist";6489883,60201374;2663257,92027356;"NZMG"
7;"Hedychium gardnerianum";2019;"2423017659";"DWC_ARCHIVE";"iNaturalist";6489875,05467342;2663252,39259429;"NZMG"
7;"Hedychium gardnerianum";2019;"2423044310";"DWC_ARCHIVE";"iNaturalist";6489850,49475296;2663248,33108519;"NZMG"
7;"Hedychium gardnerianum";2019;"2423232336";"DWC_ARCHIVE";"iNaturalist";6489861,91937402;2663215,34508502;"NZMG"
7;"Hedychium gardnerianum";2019;"2423232898";"DWC_ARCHIVE";"iNaturalist";6489861,91937402;2663215,34508502;"NZMG"
7;"Hedychium gardnerianum";2019;"2429314050";"DWC_ARCHIVE";"iNaturalist";6489848,27707491;2663225,96563934;"NZMG"
7;"Hedychium gardnerianum";2019;"2429529535";"DWC_ARCHIVE";"iNaturalist";6489861,91937402;2663215,34508502;"NZMG"
7;"Hedychium gardnerianum";2019;"2429530271";"DWC_ARCHIVE";"iNaturalist";6489828,53601153;2663236,28589416;"NZMG"
7;"Hedychium gardnerianum";2019;"2597820493";"DWC_ARCHIVE";"iNaturalist";6488155,76429337;2664205,02040817;"NZMG"
7;"Hedychium gardnerianum";2019;"2235555214";"DWC_ARCHIVE";"iNaturalist";6488195,73681994;2664220,90894378;"NZMG"
7;"Hedychium gardnerianum";2019;"2236272543";"DWC_ARCHIVE";"iNaturalist";6472834,79576135;2657800,331625;"NZMG"
7;"Hedychium gardnerianum";2019;"2236274620";"DWC_ARCHIVE";"iNaturalist";6474908,00662881;2661101,42877707;"NZMG"
7;"Hedychium gardnerianum";2019;"2236875783";"DWC_ARCHIVE";"iNaturalist";6474726,67625333;2658501,49447823;"NZMG"
7;"Hedychium gardnerianum";2019;"2236883632";"DWC_ARCHIVE";"iNaturalist";6488195,38457043;2664199,74543794;"NZMG"
7;"Hedychium gardnerianum";2019;"2236890740";"DWC_ARCHIVE";"iNaturalist";6479249,22098421;2664139,28414653;"NZMG"
7;"Hedychium gardnerianum";2019;"2236891580";"DWC_ARCHIVE";"iNaturalist";6479241,81409747;2664148,8553166;"NZMG"
7;"Hedychium gardnerianum";2019;"2236906976";"DWC_ARCHIVE";"iNaturalist";6488195,38457043;2664199,74543794;"NZMG"
7;"Hedychium gardnerianum";2019;"2237491477";"DWC_ARCHIVE";"iNaturalist";6488983,21309571;2693054,94134839;"NZMG"
7;"Hedychium gardnerianum";2019;"2237517970";"DWC_ARCHIVE";"iNaturalist";6479510,14892452;2664664,95356259;"NZMG"
7;"Hedychium gardnerianum";2019;"2237519175";"DWC_ARCHIVE";"iNaturalist";6479415,72225107;2664746,07409723;"NZMG"
7;"Hedychium gardnerianum";2019;"2244208916";"DWC_ARCHIVE";"iNaturalist";6474393,15625472;2658300,11567137;"NZMG"
7;"Hedychium gardnerianum";2019;"2423121003";"DWC_ARCHIVE";"iNaturalist";6489831,14730623;2663222,23103672;"NZMG"
7;"Hedychium gardnerianum";2019;"2423232204";"DWC_ARCHIVE";"iNaturalist";6489861,91937402;2663215,34508502;"NZMG"
7;"Hedychium gardnerianum";2019;"2429529811";"DWC_ARCHIVE";"iNaturalist";6489861,91937402;2663215,34508502;"NZMG"
7;"Hedychium gardnerianum";2019;"2429531808";"DWC_ARCHIVE";"iNaturalist";6489828,94552139;2663215,75861779;"NZMG"
7;"Hedychium gardnerianum";2019;"2429532955";"DWC_ARCHIVE";"iNaturalist";6489828,53601153;2663236,28589416;"NZMG"
7;"Hedychium gardnerianum";2019;"2429533881";"DWC_ARCHIVE";"iNaturalist";6489828,53601153;2663236,28589416;"NZMG"
7;"Hedychium gardnerianum";2019;"2429539423";"DWC_ARCHIVE";"iNaturalist";6489835,37113353;2663227,49382077;"NZMG"
7;"Hedychium gardnerianum";2019;"2429539874";"DWC_ARCHIVE";"iNaturalist";6489828,94552139;2663215,75861779;"NZMG"
7;"Hedychium gardnerianum";2019;"2429576963";"DWC_ARCHIVE";"iNaturalist";6489827,62235892;2663226,4463632;"NZMG"
7;"Hedychium gardnerianum";2019;"2448003898";"DWC_ARCHIVE";"iNaturalist";6489814,03468604;2663228,764496;"NZMG"
7;"Hedychium gardnerianum";2019;"2448004891";"DWC_ARCHIVE";"iNaturalist";6489828,94552139;2663215,75861779;"NZMG"
7;"Hedychium gardnerianum";2019;"3314292874";"DWC_ARCHIVE";"iNaturalist";6488195,73681994;2664220,90894378;"NZMG"
7;"Hedychium gardnerianum";2019;"2242935457";"DWC_ARCHIVE";"iNaturalist";6469709,24205407;2654905,45493265;"NZMG"
7;"Hedychium gardnerianum";2019;"2243004531";"DWC_ARCHIVE";"iNaturalist";6489829,04935104;2663216,11782758;"NZMG"
7;"Hedychium gardnerianum";2019;"2251911606";"DWC_ARCHIVE";"iNaturalist";6488201,54065223;2664191,65636409;"NZMG"
7;"Hedychium gardnerianum";2019;"2252013960";"DWC_ARCHIVE";"iNaturalist";6489868,49041622;2663214,22619851;"NZMG"
7;"Hedychium gardnerianum";2019;"2252072557";"DWC_ARCHIVE";"iNaturalist";6489861,26491629;2663220,33198157;"NZMG"
7;"Hedychium gardnerianum";2019;"2429327524";"DWC_ARCHIVE";"iNaturalist";6489868,49041622;2663214,22619851;"NZMG"
7;"Hedychium gardnerianum";2019;"2429459919";"DWC_ARCHIVE";"iNaturalist";6489850,61182676;2663220,20871354;"NZMG"
7;"Hedychium gardnerianum";2019;"2429609693";"DWC_ARCHIVE";"iNaturalist";6489850,61182676;2663220,20871354;"NZMG"
7;"Hedychium gardnerianum";2019;"2444994228";"DWC_ARCHIVE";"iNaturalist";6489831,14730623;2663222,23103672;"NZMG"
7;"Hedychium gardnerianum";2019;"2447963797";"DWC_ARCHIVE";"iNaturalist";6489836,27007695;2663215,81547077;"NZMG"
7;"Hedychium gardnerianum";2019;"2451721963";"DWC_ARCHIVE";"iNaturalist";6489810,88363023;2663214,23755517;"NZMG"
7;"Hedychium gardnerianum";2019;"2451724605";"DWC_ARCHIVE";"iNaturalist";6489816,5599419;2663213,45796237;"NZMG"
7;"Hedychium gardnerianum";2019;"2456560464";"DWC_ARCHIVE";"iNaturalist";6489813,10982983;2663197,22865449;"NZMG"
7;"Hedychium gardnerianum";2019;"2645061974";"DWC_ARCHIVE";NA;6512072,33729133;2643494,27821621;"NZMG"
7;"Hedychium gardnerianum";2019;"2265899271";"DWC_ARCHIVE";"iNaturalist";6488209,69723349;2664200,03270171;"NZMG"
7;"Hedychium gardnerianum";2019;"2269229003";"DWC_ARCHIVE";"iNaturalist";6489892,86314039;2663261,05150752;"NZMG"
7;"Hedychium gardnerianum";2019;"2269317318";"DWC_ARCHIVE";"iNaturalist";6488198,11178554;2664202,12113457;"NZMG"
7;"Hedychium gardnerianum";2019;"2269318519";"DWC_ARCHIVE";"iNaturalist";6488198,11178554;2664202,12113457;"NZMG"
7;"Hedychium gardnerianum";2019;"2273254849";"DWC_ARCHIVE";"iNaturalist";6479751,32900504;2669727,80615932;"NZMG"
7;"Hedychium gardnerianum";2019;"2273272904";"DWC_ARCHIVE";"iNaturalist";6488161,96017824;2664150,69171784;"NZMG"
7;"Hedychium gardnerianum";2019;"2273274380";"DWC_ARCHIVE";"iNaturalist";6488160,30844558;2664150,03370521;"NZMG"
7;"Hedychium gardnerianum";2019;"2283033668";"DWC_ARCHIVE";"iNaturalist";6488195,38457043;2664199,74543794;"NZMG"
7;"Hedychium gardnerianum";2019;"2283033704";"DWC_ARCHIVE";"iNaturalist";6488195,38457043;2664199,74543794;"NZMG"
7;"Hedychium gardnerianum";2019;"2283034646";"DWC_ARCHIVE";"iNaturalist";6488213,88650709;2664201,45580075;"NZMG"
7;"Hedychium gardnerianum";2019;"2283101013";"DWC_ARCHIVE";"iNaturalist";6488179,30363577;2664215,66936691;"NZMG"
7;"Hedychium gardnerianum";2019;"2283112071";"DWC_ARCHIVE";"iNaturalist";6488194,71223841;2664139,20848573;"NZMG"
7;"Hedychium gardnerianum";2019;"2283149049";"DWC_ARCHIVE";"iNaturalist";6488156,61845899;2664145,85337402;"NZMG"
7;"Hedychium gardnerianum";2019;"2283149448";"DWC_ARCHIVE";"iNaturalist";6488156,50750809;2664145,85114787;"NZMG"
7;"Hedychium gardnerianum";2019;"2283150311";"DWC_ARCHIVE";"iNaturalist";6488155,00792635;2664137,60847665;"NZMG"
7;"Hedychium gardnerianum";2019;"2283152404";"DWC_ARCHIVE";"iNaturalist";6488161,23722496;2664147,99919359;"NZMG"
7;"Hedychium gardnerianum";2019;"2423241455";"DWC_ARCHIVE";"iNaturalist";6489868,49041622;2663214,22619851;"NZMG"
7;"Hedychium gardnerianum";2019;"2429357447";"DWC_ARCHIVE";"iNaturalist";6489848,27707491;2663225,96563934;"NZMG"
7;"Hedychium gardnerianum";2019;"2448003201";"DWC_ARCHIVE";"iNaturalist";6489814,03468604;2663228,764496;"NZMG"
7;"Hedychium gardnerianum";2019;"2451721876";"DWC_ARCHIVE";"iNaturalist";6489810,88363023;2663214,23755517;"NZMG"
7;"Hedychium gardnerianum";2019;"2451722817";"DWC_ARCHIVE";"iNaturalist";6489810,88363023;2663214,23755517;"NZMG"
7;"Hedychium gardnerianum";2019;"2451723332";"DWC_ARCHIVE";"iNaturalist";6489797,66555202;2663225,84863539;"NZMG"
7;"Hedychium gardnerianum";2019;"2465356563";"DWC_ARCHIVE";"iNaturalist";6489802,14645397;2663173,70674837;"NZMG"
7;"Hedychium gardnerianum";2019;"2563472065";"DWC_ARCHIVE";"iNaturalist";6489812,07973441;2663221,04703182;"NZMG"
7;"Hedychium gardnerianum";2019;"2976420520";"DWC_ARCHIVE";NA;6488640,91148689;2694738,76878313;"NZMG"
7;"Hedychium gardnerianum";2019;"2294470453";"DWC_ARCHIVE";"iNaturalist";6488195,38457043;2664199,74543794;"NZMG"
7;"Hedychium gardnerianum";2019;"2311297981";"DWC_ARCHIVE";"iNaturalist";6479470,81484422;2672827,52581861;"NZMG"
7;"Hedychium gardnerianum";2019;"2311315155";"DWC_ARCHIVE";"iNaturalist";6489762,88517059;2663183,28053764;"NZMG"
7;"Hedychium gardnerianum";2019;"2429364617";"DWC_ARCHIVE";"iNaturalist";6489861,91937402;2663215,34508502;"NZMG"
7;"Hedychium gardnerianum";2019;"2429540097";"DWC_ARCHIVE";"iNaturalist";6489828,94552139;2663215,75861779;"NZMG"
7;"Hedychium gardnerianum";2019;"2429542231";"DWC_ARCHIVE";"iNaturalist";6489828,53601153;2663236,28589416;"NZMG"
7;"Hedychium gardnerianum";2019;"2448004300";"DWC_ARCHIVE";"iNaturalist";6489814,03468604;2663228,764496;"NZMG"
7;"Hedychium gardnerianum";2019;"2448005344";"DWC_ARCHIVE";"iNaturalist";6489814,03468604;2663228,764496;"NZMG"
7;"Hedychium gardnerianum";2019;"2603468783";"DWC_ARCHIVE";"iNaturalist";6489888,70220371;2663258,20062661;"NZMG"
7;"Hedychium gardnerianum";2019;"2603482283";"DWC_ARCHIVE";"iNaturalist";6488216,71084514;2664154,73612219;"NZMG"
7;"Hedychium gardnerianum";2019;"2611189482";"DWC_ARCHIVE";"iNaturalist";6489811,85078054;2663204,7034238;"NZMG"
7;"Hedychium gardnerianum";2019;"2634011458";"DWC_ARCHIVE";"iNaturalist";6489814,03468604;2663228,764496;"NZMG"
7;"Hedychium gardnerianum";2019;"2366080267";"DWC_ARCHIVE";"iNaturalist";6488229,65041321;2664206,86047163;"NZMG"
7;"Hedychium gardnerianum";2019;"2366081054";"DWC_ARCHIVE";"iNaturalist";6488227,42602362;2664207,08362904;"NZMG"
7;"Hedychium gardnerianum";2019;"2397593498";"DWC_ARCHIVE";"iNaturalist";6478405,03375197;2686846,44241476;"NZMG"
7;"Hedychium gardnerianum";2019;"2397604086";"DWC_ARCHIVE";"iNaturalist";6471898,56991056;2658108,85288545;"NZMG"
7;"Hedychium gardnerianum";2019;"2397640542";"DWC_ARCHIVE";"iNaturalist";6498497,15017424;2664522,47232498;"NZMG"
7;"Hedychium gardnerianum";2019;"2429512490";"DWC_ARCHIVE";"iNaturalist";6489822,84600515;2663243,31511454;"NZMG"
7;"Hedychium gardnerianum";2019;"2451684587";"DWC_ARCHIVE";"iNaturalist";6489823,06923837;2663220,99844522;"NZMG"
7;"Hedychium gardnerianum";2019;"2451713760";"DWC_ARCHIVE";"iNaturalist";6489832,49957763;2663198,95474049;"NZMG"
7;"Hedychium gardnerianum";2019;"2609166944";"DWC_ARCHIVE";"iNaturalist";6488224,42863088;2664201,57812138;"NZMG"
7;"Hedychium gardnerianum";2019;"2609178897";"DWC_ARCHIVE";"iNaturalist";6488222,96276325;2664219,31302229;"NZMG"
7;"Hedychium gardnerianum";2019;"2609215550";"DWC_ARCHIVE";"iNaturalist";6488222,96276325;2664219,31302229;"NZMG"
7;"Hedychium gardnerianum";2019;"2609280749";"DWC_ARCHIVE";"iNaturalist";6488225,02263529;2664210,69537644;"NZMG"
7;"Hedychium gardnerianum";2019;"2609307672";"DWC_ARCHIVE";"iNaturalist";6488219,48583618;2664210,04863519;"NZMG"
7;"Hedychium gardnerianum";2019;"2610953446";"DWC_ARCHIVE";"iNaturalist";6489828,94552139;2663215,75861779;"NZMG"
7;"Hedychium gardnerianum";2019;"2397656461";"DWC_ARCHIVE";"iNaturalist";6494757,62873861;2654200,60735829;"NZMG"
7;"Hedychium gardnerianum";2019;"2423023996";"DWC_ARCHIVE";"iNaturalist";6489926,54435216;2663364,22357018;"NZMG"
7;"Hedychium gardnerianum";2019;"2423024265";"DWC_ARCHIVE";"iNaturalist";6489928,64351301;2663364,7119169;"NZMG"
7;"Hedychium gardnerianum";2019;"2423026833";"DWC_ARCHIVE";"iNaturalist";6488272,50665166;2664912,76401925;"NZMG"
7;"Hedychium gardnerianum";2019;"2423045878";"DWC_ARCHIVE";"iNaturalist";6489925,57964912;2663362,50787906;"NZMG"
7;"Hedychium gardnerianum";2019;"2423056698";"DWC_ARCHIVE";"iNaturalist";6480588,15348041;2664145,4730274;"NZMG"
7;"Hedychium gardnerianum";2019;"2423095657";"DWC_ARCHIVE";"iNaturalist";6488179,17119522;2664216,73791837;"NZMG"
7;"Hedychium gardnerianum";2019;"2423124554";"DWC_ARCHIVE";"iNaturalist";6487234,08039118;2665058,9265839;"NZMG"
7;"Hedychium gardnerianum";2019;"2423184511";"DWC_ARCHIVE";"iNaturalist";6488249,82144631;2664942,39028199;"NZMG"
7;"Hedychium gardnerianum";2019;"2444998607";"DWC_ARCHIVE";"iNaturalist";6489831,14730623;2663222,23103672;"NZMG"
7;"Hedychium gardnerianum";2019;"2447978597";"DWC_ARCHIVE";"iNaturalist";6488235,87447749;2664200,91516754;"NZMG"
7;"Hedychium gardnerianum";2019;"2447978636";"DWC_ARCHIVE";"iNaturalist";6488239,38378921;2664197,50414515;"NZMG"
7;"Hedychium gardnerianum";2019;"2447979570";"DWC_ARCHIVE";"iNaturalist";6488242,05377267;2664197,20065984;"NZMG"
7;"Hedychium gardnerianum";2019;"2550112547";"DWC_ARCHIVE";"iNaturalist";6488244,13841858;2664209,47223855;"NZMG"
7;"Hedychium gardnerianum";2019;"2550115643";"DWC_ARCHIVE";"iNaturalist";6488244,13841858;2664209,47223855;"NZMG"
7;"Hedychium gardnerianum";2019;"2550153339";"DWC_ARCHIVE";"iNaturalist";6488211,7191982;2664215,42735056;"NZMG"
7;"Hedychium gardnerianum";2019;"2563482388";"DWC_ARCHIVE";"iNaturalist";6488228,67669182;2664222,19502567;"NZMG"
7;"Hedychium gardnerianum";2019;"2609185118";"DWC_ARCHIVE";"iNaturalist";6488225,02263529;2664210,69537644;"NZMG"
7;"Hedychium gardnerianum";2019;"2609191676";"DWC_ARCHIVE";"iNaturalist";6488225,02263529;2664210,69537644;"NZMG"
7;"Hedychium gardnerianum";2019;"2609352489";"DWC_ARCHIVE";"iNaturalist";6488213,08992675;2664219,02557833;"NZMG"
7;"Hedychium gardnerianum";2019;"2610942090";"DWC_ARCHIVE";"iNaturalist";6488232,88940263;2664211,38888535;"NZMG"
7;"Hedychium gardnerianum";2019;"2610961299";"DWC_ARCHIVE";"iNaturalist";6488222,96276325;2664219,31302229;"NZMG"
7;"Hedychium gardnerianum";2019;"2611089472";"DWC_ARCHIVE";"iNaturalist";6488222,96276325;2664219,31302229;"NZMG"
7;"Hedychium gardnerianum";2019;"2611111732";"DWC_ARCHIVE";"iNaturalist";6488232,88940263;2664211,38888535;"NZMG"
7;"Hedychium gardnerianum";2019;"2611301919";"DWC_ARCHIVE";"iNaturalist";6488222,96276325;2664219,31302229;"NZMG"
7;"Hedychium gardnerianum";2019;"2611373875";"DWC_ARCHIVE";"iNaturalist";6488222,96276325;2664219,31302229;"NZMG"
7;"Hedychium gardnerianum";2019;"2611396804";"DWC_ARCHIVE";"iNaturalist";6488222,96276325;2664219,31302229;"NZMG"
7;"Hedychium gardnerianum";2019;"2611424977";"DWC_ARCHIVE";"iNaturalist";6488222,96276325;2664219,31302229;"NZMG"
7;"Hedychium gardnerianum";2019;"2429556687";"DWC_ARCHIVE";"iNaturalist";6479400,06496484;2650809,58102034;"NZMG"
7;"Hedychium gardnerianum";2019;"2447952054";"DWC_ARCHIVE";"iNaturalist";6476873,7722241;2649898,25244351;"NZMG"
7;"Hedychium gardnerianum";2019;"2550004099";"DWC_ARCHIVE";"iNaturalist";6488229,42161338;2664185,07448415;"NZMG"
7;"Hedychium gardnerianum";2019;"2550052562";"DWC_ARCHIVE";"iNaturalist";6488226,85362877;2664185,82635961;"NZMG"
7;"Hedychium gardnerianum";2019;"2451690459";"DWC_ARCHIVE";"iNaturalist";6488265,6646843;2664954,85019371;"NZMG"
7;"Hedychium gardnerianum";2019;"2451691416";"DWC_ARCHIVE";"iNaturalist";6488308,86063212;2665019,99479001;"NZMG"
7;"Hedychium gardnerianum";2019;"2465290479";"DWC_ARCHIVE";"iNaturalist";6489811,93209109;2663195,06233433;"NZMG"
7;"Hedychium gardnerianum";2019;"2540765711";"DWC_ARCHIVE";"iNaturalist";6467087,14178016;2649692,27381764;"NZMG"
7;"Hedychium gardnerianum";2019;"2540821998";"DWC_ARCHIVE";"iNaturalist";6467090,14719475;2649697,84952919;"NZMG"
7;"Hedychium gardnerianum";2019;"2563480285";"DWC_ARCHIVE";"iNaturalist";6488251,71523513;2664213,55212112;"NZMG"
7;"Hedychium gardnerianum";2019;"2563480303";"DWC_ARCHIVE";"iNaturalist";6488251,28232373;2664201,93855945;"NZMG"
7;"Hedychium gardnerianum";2019;"2574110153";"DWC_ARCHIVE";"iNaturalist";6537210,30140434;2654295,71335476;"NZMG"
7;"Hedychium gardnerianum";2019;"2529345535";"DWC_ARCHIVE";"iNaturalist";6494751,13376244;2654215,4033899;"NZMG"
7;"Hedychium gardnerianum";2019;"2540792811";"DWC_ARCHIVE";"iNaturalist";6488293,66999013;2664997,19265146;"NZMG"
7;"Hedychium gardnerianum";2019;"2557765232";"DWC_ARCHIVE";"iNaturalist";6488247,97480429;2664234,00873289;"NZMG"
7;"Hedychium gardnerianum";2019;"2634001690";"DWC_ARCHIVE";"iNaturalist";6488251,71523513;2664213,55212112;"NZMG"
7;"Hedychium gardnerianum";2019;"2634003738";"DWC_ARCHIVE";"iNaturalist";6488251,71523513;2664213,55212112;"NZMG"
7;"Hedychium gardnerianum";2019;"3013882797";"DWC_ARCHIVE";"iNaturalist";6488254,69135942;2664203,52454222;"NZMG"
7;"Hedychium gardnerianum";2019;"3014081826";"DWC_ARCHIVE";"iNaturalist";6488254,69135942;2664203,52454222;"NZMG"
7;"Hedychium gardnerianum";2018;"1839248471";"DWC_ARCHIVE";"iNaturalist";6473552,86538206;2651241,1944696;"NZMG"
7;"Hedychium gardnerianum";2018;"1841244576";"DWC_ARCHIVE";"iNaturalist";6469073,56982868;2653520,21920737;"NZMG"
7;"Hedychium gardnerianum";2018;"1847593104";"DWC_ARCHIVE";"iNaturalist";6516415,99980879;2663996,21103144;"NZMG"
7;"Hedychium gardnerianum";2018;"1847611755";"DWC_ARCHIVE";"iNaturalist";6522395,83529253;2622349,57760321;"NZMG"
7;"Hedychium gardnerianum";2018;"1847619310";"DWC_ARCHIVE";"iNaturalist";6488337,01726659;2662950,50203235;"NZMG"
7;"Hedychium gardnerianum";2018;"1848791506";"DWC_ARCHIVE";"iNaturalist";6486486,45152104;2664069,14902513;"NZMG"
7;"Hedychium gardnerianum";2018;"1848799425";"DWC_ARCHIVE";"iNaturalist";6488226,40609292;2663120,58480523;"NZMG"
7;"Hedychium gardnerianum";2018;"2006029624";"DWC_ARCHIVE";"iNaturalist";6488195,73681994;2664220,90894378;"NZMG"
7;"Hedychium gardnerianum";2018;"2006029640";"DWC_ARCHIVE";"iNaturalist";6488391,32596536;2664170,38050979;"NZMG"
7;"Hedychium gardnerianum";2018;"1848798205";"DWC_ARCHIVE";"iNaturalist";6488611,5799485;2664085,43903258;"NZMG"
7;"Hedychium gardnerianum";2018;"1848798277";"DWC_ARCHIVE";"iNaturalist";6488611,5799485;2664085,43903258;"NZMG"
7;"Hedychium gardnerianum";2018;"1848798871";"DWC_ARCHIVE";"iNaturalist";6488613,21378565;2664081,45456044;"NZMG"
7;"Hedychium gardnerianum";2018;"1848811727";"DWC_ARCHIVE";"iNaturalist";6488636,178065;2662932,35872381;"NZMG"
7;"Hedychium gardnerianum";2018;"1850941859";"DWC_ARCHIVE";"iNaturalist";6488166,64090991;2664216,12933321;"NZMG"
7;"Hedychium gardnerianum";2018;"1850941866";"DWC_ARCHIVE";"iNaturalist";6488174,43261867;2664209,50140761;"NZMG"
7;"Hedychium gardnerianum";2018;"1850941899";"DWC_ARCHIVE";"iNaturalist";6488175,78014575;2664208,72504781;"NZMG"
7;"Hedychium gardnerianum";2018;"1850942137";"DWC_ARCHIVE";"iNaturalist";6488172,9759314;2664210,18630867;"NZMG"
7;"Hedychium gardnerianum";2018;"1880479365";"DWC_ARCHIVE";"iNaturalist";6489929,79982422;2663367,94929156;"NZMG"
7;"Hedychium gardnerianum";2018;"1880479915";"DWC_ARCHIVE";"iNaturalist";6489922,4445079;2663363,87384304;"NZMG"
7;"Hedychium gardnerianum";2018;"1880600722";"DWC_ARCHIVE";"iNaturalist";6489672,1873804;2663111,65209445;"NZMG"
7;"Hedychium gardnerianum";2018;"1891290528";"DWC_ARCHIVE";"iNaturalist";6489921,27928558;2663361,08272171;"NZMG"
7;"Hedychium gardnerianum";2018;"1891290529";"DWC_ARCHIVE";"iNaturalist";6489921,27928558;2663361,08272171;"NZMG"
7;"Hedychium gardnerianum";2018;"1891290774";"DWC_ARCHIVE";"iNaturalist";6489923,41812043;2663365,14328362;"NZMG"
7;"Hedychium gardnerianum";2018;"1891290822";"DWC_ARCHIVE";"iNaturalist";6489923,41812043;2663365,14328362;"NZMG"
7;"Hedychium gardnerianum";2018;"1891291145";"DWC_ARCHIVE";"iNaturalist";6489923,75097368;2663365,14993045;"NZMG"
7;"Hedychium gardnerianum";2018;"1891291146";"DWC_ARCHIVE";"iNaturalist";6489922,4445079;2663363,87384304;"NZMG"
7;"Hedychium gardnerianum";2018;"1935576878";"DWC_ARCHIVE";"iNaturalist";6489928,91221557;2663367,93156639;"NZMG"
7;"Hedychium gardnerianum";2018;"2006029950";"DWC_ARCHIVE";"iNaturalist";6489903,01171167;2663319,82523826;"NZMG"
7;"Hedychium gardnerianum";2018;"2006029952";"DWC_ARCHIVE";"iNaturalist";6489923,41812043;2663365,14328362;"NZMG"
7;"Hedychium gardnerianum";2018;"2006029953";"DWC_ARCHIVE";"iNaturalist";6489919,834665;2663355,60745523;"NZMG"
7;"Hedychium gardnerianum";2018;"2006029955";"DWC_ARCHIVE";"iNaturalist";6489924,610071;2663366,59565579;"NZMG"
7;"Hedychium gardnerianum";2018;"2006029956";"DWC_ARCHIVE";"iNaturalist";6489923,08526718;2663365,13663679;"NZMG"
7;"Hedychium gardnerianum";2018;"2006030060";"DWC_ARCHIVE";"iNaturalist";6489922,4445079;2663363,87384304;"NZMG"
7;"Hedychium gardnerianum";2018;"2006030061";"DWC_ARCHIVE";"iNaturalist";6489929,79982422;2663367,94929156;"NZMG"
7;"Hedychium gardnerianum";2018;"2006030062";"DWC_ARCHIVE";"iNaturalist";6489923,08526718;2663365,13663679;"NZMG"
7;"Hedychium gardnerianum";2018;"2006030063";"DWC_ARCHIVE";"iNaturalist";6489928,91221557;2663367,93156639;"NZMG"
7;"Hedychium gardnerianum";2018;"2006030086";"DWC_ARCHIVE";"iNaturalist";6489922,4445079;2663363,87384304;"NZMG"
7;"Hedychium gardnerianum";2018;"2006030184";"DWC_ARCHIVE";"iNaturalist";6488175,78014575;2664208,72504781;"NZMG"
7;"Hedychium gardnerianum";2018;"2006030203";"DWC_ARCHIVE";"iNaturalist";6488570,88652183;2662805,45359866;"NZMG"
7;"Hedychium gardnerianum";2018;"2006030223";"DWC_ARCHIVE";"iNaturalist";6488166,1756167;2664217,19120181;"NZMG"
7;"Hedychium gardnerianum";2018;"2006030230";"DWC_ARCHIVE";"iNaturalist";6489943,20848622;2663407,94924558;"NZMG"
7;"Hedychium gardnerianum";2018;"2006030231";"DWC_ARCHIVE";"iNaturalist";6489934,94241016;2663405,0162788;"NZMG"
7;"Hedychium gardnerianum";2018;"2006030232";"DWC_ARCHIVE";"iNaturalist";6489943,20848622;2663407,94924558;"NZMG"
7;"Hedychium gardnerianum";2018;"2006030233";"DWC_ARCHIVE";"iNaturalist";6489923,1405072;2663362,36988638;"NZMG"
7;"Hedychium gardnerianum";2018;"2006030234";"DWC_ARCHIVE";"iNaturalist";6489925,13987879;2663367,85623442;"NZMG"
7;"Hedychium gardnerianum";2018;"2006030235";"DWC_ARCHIVE";"iNaturalist";6489920,25803118;2663367,75874602;"NZMG"
7;"Hedychium gardnerianum";2018;"2006030236";"DWC_ARCHIVE";"iNaturalist";6489924,22197635;2663369,35575968;"NZMG"
7;"Hedychium gardnerianum";2018;"2006030237";"DWC_ARCHIVE";"iNaturalist";6489923,36466148;2663367,82078409;"NZMG"
7;"Hedychium gardnerianum";2018;"3058751741";"DWC_ARCHIVE";"iNaturalist";6488186,11095698;2664219,37670945;"NZMG"
7;"Hedychium gardnerianum";2018;"1880627160";"DWC_ARCHIVE";"iNaturalist";6474886,89470767;2684135,66701998;"NZMG"
7;"Hedychium gardnerianum";2018;"1880633732";"DWC_ARCHIVE";"iNaturalist";6488177,32442802;2664214,73696456;"NZMG"
7;"Hedychium gardnerianum";2018;"1883521772";"DWC_ARCHIVE";"iNaturalist";6488210,78876476;2664206,48189236;"NZMG"
7;"Hedychium gardnerianum";2018;"1932321140";"DWC_ARCHIVE";"iNaturalist";6488306,37876407;2665066,0076039;"NZMG"
7;"Hedychium gardnerianum";2018;"1932321141";"DWC_ARCHIVE";"iNaturalist";6488237,90030922;2664917,06556233;"NZMG"
7;"Hedychium gardnerianum";2018;"1932321239";"DWC_ARCHIVE";"iNaturalist";6488283,95411065;2664950,57692517;"NZMG"
7;"Hedychium gardnerianum";2018;"1935577762";"DWC_ARCHIVE";"iNaturalist";6488169,80856806;2664202,08866893;"NZMG"
7;"Hedychium gardnerianum";2018;"1935577763";"DWC_ARCHIVE";"iNaturalist";6488175,47064411;2664202,02377709;"NZMG"
7;"Hedychium gardnerianum";2018;"1935577764";"DWC_ARCHIVE";"iNaturalist";6488171,36546165;2664201,9413824;"NZMG"
7;"Hedychium gardnerianum";2018;"1935577765";"DWC_ARCHIVE";"iNaturalist";6488173,61312957;2664200,5582163;"NZMG"
7;"Hedychium gardnerianum";2018;"1935577766";"DWC_ARCHIVE";"iNaturalist";6488172,03116692;2664201,9547437;"NZMG"
7;"Hedychium gardnerianum";2018;"1935577802";"DWC_ARCHIVE";"iNaturalist";6488185,5473281;2664214,27714501;"NZMG"
7;"Hedychium gardnerianum";2018;"1935577804";"DWC_ARCHIVE";"iNaturalist";6488184,29829278;2664210,14576702;"NZMG"
7;"Hedychium gardnerianum";2018;"1935577806";"DWC_ARCHIVE";"iNaturalist";6488206,51174706;2664209,43115112;"NZMG"
7;"Hedychium gardnerianum";2018;"1935578395";"DWC_ARCHIVE";"iNaturalist";6488744,59877637;2663367,5822209;"NZMG"
7;"Hedychium gardnerianum";2018;"1935578442";"DWC_ARCHIVE";"iNaturalist";6488171,84135218;2664211,41327929;"NZMG"
7;"Hedychium gardnerianum";2018;"2006030476";"DWC_ARCHIVE";"iNaturalist";6488182,15806703;2664206,17503794;"NZMG"
7;"Hedychium gardnerianum";2018;"2006030509";"DWC_ARCHIVE";"iNaturalist";6488172,33895028;2664203,21066497;"NZMG"
7;"Hedychium gardnerianum";2018;"2006030510";"DWC_ARCHIVE";"iNaturalist";6488173,61312957;2664200,5582163;"NZMG"
7;"Hedychium gardnerianum";2018;"3058847963";"DWC_ARCHIVE";"iNaturalist";6488175,18965019;2664204,96396291;"NZMG"
7;"Hedychium gardnerianum";2018;"1890677727";"DWC_ARCHIVE";"iNaturalist";6478609,24643136;2645634,37260477;"NZMG"
7;"Hedychium gardnerianum";2018;"1891304733";"DWC_ARCHIVE";"iNaturalist";6470766,17324425;2681960,9955353;"NZMG"
7;"Hedychium gardnerianum";2018;"1891338322";"DWC_ARCHIVE";"iNaturalist";6489784,76805651;2663188,00269315;"NZMG"
7;"Hedychium gardnerianum";2018;"1899789684";"DWC_ARCHIVE";"iNaturalist";6468454,05146277;2649528,85858234;"NZMG"
7;"Hedychium gardnerianum";2018;"1899796545";"DWC_ARCHIVE";"iNaturalist";6488740,82528831;2663033,71486745;"NZMG"
7;"Hedychium gardnerianum";2018;"1901060495";"DWC_ARCHIVE";"iNaturalist";6489850,96482876;2663224,76928084;"NZMG"
7;"Hedychium gardnerianum";2018;"1935579518";"DWC_ARCHIVE";"iNaturalist";6489759,38279389;2663180,80000948;"NZMG"
7;"Hedychium gardnerianum";2018;"1935579568";"DWC_ARCHIVE";"iNaturalist";6489640,68355999;2663088,43544036;"NZMG"
7;"Hedychium gardnerianum";2018;"1935579995";"DWC_ARCHIVE";"iNaturalist";6489862,81401349;2663231,70207345;"NZMG"
7;"Hedychium gardnerianum";2018;"1935580442";"DWC_ARCHIVE";"iNaturalist";6489862,12403853;2663221,77768143;"NZMG"
7;"Hedychium gardnerianum";2018;"2006031854";"DWC_ARCHIVE";"iNaturalist";6489854,37170245;2663220,9087252;"NZMG"
7;"Hedychium gardnerianum";2018;"2006032483";"DWC_ARCHIVE";"iNaturalist";6489825,49421071;2663205,15418553;"NZMG"
7;"Hedychium gardnerianum";2018;"1914209450";"DWC_ARCHIVE";"iNaturalist";6488739,86274868;2663109,84556068;"NZMG"
7;"Hedychium gardnerianum";2018;"1914325279";"DWC_ARCHIVE";"iNaturalist";6489420,92224525;2662909,68991265;"NZMG"
7;"Hedychium gardnerianum";2018;"1935582189";"DWC_ARCHIVE";"iNaturalist";6489418,31959615;2662917,76256843;"NZMG"
7;"Hedychium gardnerianum";2018;"1935582198";"DWC_ARCHIVE";"iNaturalist";6489464,89754193;2662930,92171122;"NZMG"
7;"Hedychium gardnerianum";2018;"1935615052";"DWC_ARCHIVE";"iNaturalist";6489452,99478542;2662926,66700315;"NZMG"
7;"Hedychium gardnerianum";2018;"2006032231";"DWC_ARCHIVE";"iNaturalist";6489520,6433347;2662985,33297348;"NZMG"
7;"Hedychium gardnerianum";2018;"2006032620";"DWC_ARCHIVE";"iNaturalist";6489464,97752134;2662926,9056767;"NZMG"
7;"Hedychium gardnerianum";2018;"2244202623";"DWC_ARCHIVE";"iNaturalist";6476275,28065149;2669511,13696657;"NZMG"
7;"Hedychium gardnerianum";2018;"3746957378";"DWC_ARCHIVE";"iNaturalist";6540696,3382672;2634181,06226443;"NZMG"
7;"Hedychium gardnerianum";2018;"1920802580";"DWC_ARCHIVE";"iNaturalist";6478894,8289159;2647497,48228303;"NZMG"
7;"Hedychium gardnerianum";2018;"1931498116";"DWC_ARCHIVE";"iNaturalist";6473692,37662696;2666784,25370343;"NZMG"
7;"Hedychium gardnerianum";2018;"1932317435";"DWC_ARCHIVE";"iNaturalist";6488306,37876407;2665066,0076039;"NZMG"
7;"Hedychium gardnerianum";2018;"1932328822";"DWC_ARCHIVE";"iNaturalist";6488429,57553313;2665181,95559177;"NZMG"
7;"Hedychium gardnerianum";2018;"1932333083";"DWC_ARCHIVE";"iNaturalist";6490545,81148189;2663212,82817796;"NZMG"
7;"Hedychium gardnerianum";2018;"1932333180";"DWC_ARCHIVE";"iNaturalist";6490490,30744253;2663213,14952103;"NZMG"
7;"Hedychium gardnerianum";2018;"1935582544";"DWC_ARCHIVE";"iNaturalist";6488184,7082173;2664200,78090281;"NZMG"
7;"Hedychium gardnerianum";2018;"1935582546";"DWC_ARCHIVE";"iNaturalist";6488181,39752717;2664205,35636527;"NZMG"
7;"Hedychium gardnerianum";2018;"1935583417";"DWC_ARCHIVE";"iNaturalist";6488440,69513618;2663133,87462224;"NZMG"
7;"Hedychium gardnerianum";2018;"1935583487";"DWC_ARCHIVE";"iNaturalist";6489799,80401027;2663190,98116533;"NZMG"
7;"Hedychium gardnerianum";2018;"1935583488";"DWC_ARCHIVE";"iNaturalist";6489788,59557752;2663185,31123893;"NZMG"
7;"Hedychium gardnerianum";2018;"1935583489";"DWC_ARCHIVE";"iNaturalist";6489788,59557752;2663185,31123893;"NZMG"
7;"Hedychium gardnerianum";2018;"1935597798";"DWC_ARCHIVE";"iNaturalist";6490656,97679758;2663209,86695489;"NZMG"
7;"Hedychium gardnerianum";2018;"2006032965";"DWC_ARCHIVE";"iNaturalist";6489835,35332854;2663228,38631174;"NZMG"
7;"Hedychium gardnerianum";2018;"2006032970";"DWC_ARCHIVE";"iNaturalist";6489798,32901792;2663187,02323526;"NZMG"
7;"Hedychium gardnerianum";2018;"2244203542";"DWC_ARCHIVE";"iNaturalist";6489799,91259499;2663185,53699306;"NZMG"
7;"Hedychium gardnerianum";2018;"2244203543";"DWC_ARCHIVE";"iNaturalist";6489795,36359778;2663185,44624874;"NZMG"
7;"Hedychium gardnerianum";2018;"1935605972";"DWC_ARCHIVE";"iNaturalist";6488191,9268822;2664222,70708668;"NZMG"
7;"Hedychium gardnerianum";2018;"1944385655";"DWC_ARCHIVE";"iNaturalist";6481248,9076624;2670203,32853352;"NZMG"
7;"Hedychium gardnerianum";2018;"1950031180";"DWC_ARCHIVE";"iNaturalist";6488335,22144256;2663302,18516759;"NZMG"
7;"Hedychium gardnerianum";2018;"1978447902";"DWC_ARCHIVE";"iNaturalist";6489633,52688134;2663085,52500213;"NZMG"
7;"Hedychium gardnerianum";2018;"1986536288";"DWC_ARCHIVE";"iNaturalist";6488271,96554433;2696152,74087976;"NZMG"
7;"Hedychium gardnerianum";2017;"1453328651";"DWC_ARCHIVE";"iNaturalist";6474188,93555715;2648983,58067814;"NZMG"
7;"Hedychium gardnerianum";2017;"1935632691";"DWC_ARCHIVE";"iNaturalist";6488481,79997619;2659428,93445576;"NZMG"
7;"Hedychium gardnerianum";2017;"1453397531";"DWC_ARCHIVE";"iNaturalist";6474305,46203151;2651519,38718793;"NZMG"
7;"Hedychium gardnerianum";2017;"1453397552";"DWC_ARCHIVE";"iNaturalist";6474188,72542544;2648995,07268447;"NZMG"
7;"Hedychium gardnerianum";2017;"1453397563";"DWC_ARCHIVE";"iNaturalist";6474304,0195957;2651519,36038453;"NZMG"
7;"Hedychium gardnerianum";2017;"1453410148";"DWC_ARCHIVE";"iNaturalist";6478533,85966403;2674581,76971067;"NZMG"
7;"Hedychium gardnerianum";2017;"1453411708";"DWC_ARCHIVE";"iNaturalist";6477052,46026326;2646882,10206889;"NZMG"
7;"Hedychium gardnerianum";2017;"1453418768";"DWC_ARCHIVE";"iNaturalist";6474306,99221685;2651514,6924187;"NZMG"
7;"Hedychium gardnerianum";2017;"1453418772";"DWC_ARCHIVE";"iNaturalist";6474304,43693117;2651520,79401171;"NZMG"
7;"Hedychium gardnerianum";2017;"1453418827";"DWC_ARCHIVE";"iNaturalist";6474176,11572312;2649004,82301925;"NZMG"
7;"Hedychium gardnerianum";2017;"1453443068";"DWC_ARCHIVE";"iNaturalist";6498744,07520967;2666720,44627257;"NZMG"
7;"Hedychium gardnerianum";2017;"1453444694";"DWC_ARCHIVE";"iNaturalist";6498576,67848529;2664453,37287255;"NZMG"
7;"Hedychium gardnerianum";2017;"1453447471";"DWC_ARCHIVE";"iNaturalist";6498606,75377024;2664359,5942706;"NZMG"
7;"Hedychium gardnerianum";2017;"1453450056";"DWC_ARCHIVE";"iNaturalist";6480749,76246057;2649864,03865178;"NZMG"
7;"Hedychium gardnerianum";2017;"1453452833";"DWC_ARCHIVE";"iNaturalist";6474211,27223963;2648982,11760526;"NZMG"
7;"Hedychium gardnerianum";2017;"1453465052";"DWC_ARCHIVE";"iNaturalist";6479287,98425703;2647410,79512947;"NZMG"
7;"Hedychium gardnerianum";2017;"1935632773";"DWC_ARCHIVE";"iNaturalist";6498710,54069486;2665329,91760264;"NZMG"
7;"Hedychium gardnerianum";2017;"1935632774";"DWC_ARCHIVE";"iNaturalist";6498745,38919682;2665132,02039483;"NZMG"
7;"Hedychium gardnerianum";2017;"1453488407";"DWC_ARCHIVE";"iNaturalist";6474175,57722604;2649003,92202369;"NZMG"
7;"Hedychium gardnerianum";2017;"1453488562";"DWC_ARCHIVE";"iNaturalist";6473768,6680398;2651353,28958794;"NZMG"
7;"Hedychium gardnerianum";2017;"1453509979";"DWC_ARCHIVE";"iNaturalist";6474178,55823747;2648998,71874364;"NZMG"
7;"Hedychium gardnerianum";2017;"1457610616";"DWC_ARCHIVE";"iNaturalist";6471701,52237969;2655050,37431146;"NZMG"
7;"Hedychium gardnerianum";2017;"1500247028";"DWC_ARCHIVE";"iNaturalist";6467167,6275561;2649679,41685443;"NZMG"
7;"Hedychium gardnerianum";2017;"1500291206";"DWC_ARCHIVE";"iNaturalist";6473549,92008112;2662716,89960599;"NZMG"
7;"Hedychium gardnerianum";2017;"2006102069";"DWC_ARCHIVE";"iNaturalist";6477867,26732056;2648364,44230007;"NZMG"
7;"Hedychium gardnerianum";2017;"1563436382";"DWC_ARCHIVE";"iNaturalist";6476347,14007077;2662616,422763;"NZMG"
7;"Hedychium gardnerianum";2017;"1571113944";"DWC_ARCHIVE";"iNaturalist";6461443,79837565;2644208,00775152;"NZMG"
7;"Hedychium gardnerianum";2017;"1571151207";"DWC_ARCHIVE";"iNaturalist";6471826,83307334;2652204,59149427;"NZMG"
7;"Hedychium gardnerianum";2017;"1935633291";"DWC_ARCHIVE";"iNaturalist";6491304,08501136;2662774,93711318;"NZMG"
7;"Hedychium gardnerianum";2017;"1572400864";"DWC_ARCHIVE";"iNaturalist";6476006,85769875;2656935,16170467;"NZMG"
7;"Hedychium gardnerianum";2017;"1580506816";"DWC_ARCHIVE";"iNaturalist";6486062,11487218;2664643,76656595;"NZMG"
7;"Hedychium gardnerianum";2017;"2244337415";"DWC_ARCHIVE";"iNaturalist";6486062,81109533;2664642,2634073;"NZMG"
7;"Hedychium gardnerianum";2017;"1586125331";"DWC_ARCHIVE";"iNaturalist";6465051,36468156;2652583,33729332;"NZMG"
7;"Hedychium gardnerianum";2017;"1586952417";"DWC_ARCHIVE";"iNaturalist";6470484,93745418;2654873,15151762;"NZMG"
7;"Hedychium gardnerianum";2017;"1640053748";"DWC_ARCHIVE";"iNaturalist";6486140,37646704;2661890,6856734;"NZMG"
7;"Hedychium gardnerianum";2017;"1668850311";"DWC_ARCHIVE";"iNaturalist";6473594,76611803;2656417,31269827;"NZMG"
7;"Hedychium gardnerianum";2017;"1703176106";"DWC_ARCHIVE";"iNaturalist";6474562,02472556;2650311,41561169;"NZMG"
7;"Hedychium gardnerianum";2016;"1249279770";"DWC_ARCHIVE";"iNaturalist";6501447,59845728;2664142,48896256;"NZMG"
7;"Hedychium gardnerianum";2016;"1249296949";"DWC_ARCHIVE";"iNaturalist";6536892,36786152;2654369,26837751;"NZMG"
7;"Hedychium gardnerianum";2016;"1262387357";"DWC_ARCHIVE";"iNaturalist";6482073,44726155;2664606,58689756;"NZMG"
7;"Hedychium gardnerianum";2016;"1265557758";"DWC_ARCHIVE";"iNaturalist";6486121,54638636;2665653,26503159;"NZMG"
7;"Hedychium gardnerianum";2016;"1265564242";"DWC_ARCHIVE";"iNaturalist";6482065,12053375;2664573,59258051;"NZMG"
7;"Hedychium gardnerianum";2016;"1265567816";"DWC_ARCHIVE";"iNaturalist";6482057,7723394;2664613,31845207;"NZMG"
7;"Hedychium gardnerianum";2016;"1265587648";"DWC_ARCHIVE";"iNaturalist";6489380,93856259;2640883,37626027;"NZMG"
7;"Hedychium gardnerianum";2016;"1269545057";"DWC_ARCHIVE";"iNaturalist";6481959,32925123;2664761,64239569;"NZMG"
7;"Hedychium gardnerianum";2016;"1453488156";"DWC_ARCHIVE";"iNaturalist";6476813,34117876;2656970,27644982;"NZMG"
7;"Hedychium gardnerianum";2016;"1272092547";"DWC_ARCHIVE";"iNaturalist";6472649,16039495;2664149,920182;"NZMG"
7;"Hedychium gardnerianum";2016;"1272109969";"DWC_ARCHIVE";"iNaturalist";6479598,53210578;2646000,1912202;"NZMG"
7;"Hedychium gardnerianum";2016;"1272111004";"DWC_ARCHIVE";"iNaturalist";6478598,42066828;2645488,66865855;"NZMG"
7;"Hedychium gardnerianum";2016;"1273845310";"DWC_ARCHIVE";"iNaturalist";6479596,96587527;2646044,21380887;"NZMG"
7;"Hedychium gardnerianum";2016;"1291096721";"DWC_ARCHIVE";"iNaturalist";6479144,28609484;2650283,21830428;"NZMG"
7;"Hedychium gardnerianum";2016;"1291147988";"DWC_ARCHIVE";"iNaturalist";6465418,67456845;2648758,49018788;"NZMG"
7;"Hedychium gardnerianum";2016;"1305124418";"DWC_ARCHIVE";"iNaturalist";6466514,0686954;2649952,05369057;"NZMG"
7;"Hedychium gardnerianum";2016;"2252083605";"DWC_ARCHIVE";"iNaturalist";6464992,70112099;2649563,17791109;"NZMG"
7;"Hedychium gardnerianum";2016;"1305176485";"DWC_ARCHIVE";"iNaturalist";6479505,19179107;2646432,68893175;"NZMG"
7;"Hedychium gardnerianum";2016;"1305176494";"DWC_ARCHIVE";"iNaturalist";6479476,35414893;2646998,49103952;"NZMG"
7;"Hedychium gardnerianum";2016;"1305176523";"DWC_ARCHIVE";"iNaturalist";6479503,90950434;2646448,44905981;"NZMG"
7;"Hedychium gardnerianum";2016;"1306590722";"DWC_ARCHIVE";"iNaturalist";6490566,79416224;2663234,85553512;"NZMG"
7;"Hedychium gardnerianum";2016;"1306591104";"DWC_ARCHIVE";"iNaturalist";6490224,83697865;2662117,46174569;"NZMG"
7;"Hedychium gardnerianum";2016;"1306591158";"DWC_ARCHIVE";"iNaturalist";6489597,37764277;2662168,05769042;"NZMG"
7;"Hedychium gardnerianum";2016;"1315054960";"DWC_ARCHIVE";"iNaturalist";6489646,4190298;2663073,55031479;"NZMG"
7;"Hedychium gardnerianum";2016;"1315066967";"DWC_ARCHIVE";"iNaturalist";6474073,79465348;2649367,69553294;"NZMG"
7;"Hedychium gardnerianum";2016;"1315067110";"DWC_ARCHIVE";"iNaturalist";6490557,40380809;2663210,38068142;"NZMG"
7;"Hedychium gardnerianum";2016;"1453128146";"DWC_ARCHIVE";"iNaturalist";6474173,9211859;2649009,50598645;"NZMG"
7;"Hedychium gardnerianum";2016;"2244336146";"DWC_ARCHIVE";"iNaturalist";6478463,0356369;2664321,62585415;"NZMG"
7;"Hedychium gardnerianum";2016;"1453222742";"DWC_ARCHIVE";"iNaturalist";6474183,82392708;2649002,11227493;"NZMG"
7;"Hedychium gardnerianum";2016;"1935632649";"DWC_ARCHIVE";"iNaturalist";6496421,42609433;2661692,83426592;"NZMG"
7;"Hedychium gardnerianum";2015;"1305113937";"DWC_ARCHIVE";"iNaturalist";6478757,5883835;2659197,75867378;"NZMG"
7;"Hedychium gardnerianum";2015;"1135355445";"DWC_ARCHIVE";"iNaturalist";6483105,12196025;2665191,89866146;"NZMG"
7;"Hedychium gardnerianum";2014;"1038321408";"DWC_ARCHIVE";"iNaturalist";6492415,06440292;2663669,4412594;"NZMG"
7;"Hedychium gardnerianum";2014;"1052605782";"DWC_ARCHIVE";"iNaturalist";6465735,21469471;2648156,67111516;"NZMG"
7;"Hedychium gardnerianum";2013;"1305180927";"DWC_ARCHIVE";"iNaturalist";6481352,72635562;2662034,85784219;"NZMG"
7;"Hedychium gardnerianum";2011;"1091231253";"DWC_ARCHIVE";"CHR";6469722,00460859;2657474,02895565;"NZMG"
7;"Hedychium gardnerianum";2011;"1091238401";"DWC_ARCHIVE";"CHR";6469722,00460859;2657474,02895565;"NZMG"
7;"Hedychium gardnerianum";2011;"1091095892";"DWC_ARCHIVE";"CHR";6514533,73527925;2628400,81874266;"NZMG"
7;"Hedychium gardnerianum";2011;"1091115462";"DWC_ARCHIVE";"CHR";6492946,95542818;2649216,21734849;"NZMG"
7;"Hedychium gardnerianum";2011;"1091205059";"DWC_ARCHIVE";"CHR";6479489,94872766;2646780,09032553;"NZMG"
7;"Hedychium gardnerianum";2011;"1091329115";"DWC_ARCHIVE";"CHR";6484282,33811487;2638109,51638637;"NZMG"
7;"Hedychium gardnerianum";2011;"2451729268";"DWC_ARCHIVE";"iNaturalist";6457368,99458453;2686200,25825822;"NZMG"
7;"Hedychium gardnerianum";2011;"2451715605";"DWC_ARCHIVE";"iNaturalist";6551766,94593271;2661617,29140589;"NZMG"
8;"Hedychium gardnerianum";2021;"3044680046";"DWC_ARCHIVE";"iNaturalist";6460718,14518109;2735764,50677958;"NZMG"
8;"Hedychium gardnerianum";2021;"3044801108";"DWC_ARCHIVE";"iNaturalist";6460707,11874122;2735754,13241712;"NZMG"
8;"Hedychium gardnerianum";2020;"2609298291";"DWC_ARCHIVE";"iNaturalist";6503544,70957108;2740013,49844363;"NZMG"
8;"Hedychium gardnerianum";2020;"2826128119";"DWC_ARCHIVE";"iNaturalist";6460715,42028977;2735747,24942062;"NZMG"
8;"Hedychium gardnerianum";2019;"3384231755";"DWC_ARCHIVE";"iNaturalist";6481528,90515184;2752397,29617977;"NZMG"
8;"Hedychium gardnerianum";2019;"2429567758";"DWC_ARCHIVE";"iNaturalist";6480901,06421937;2760662,77095994;"NZMG"
8;"Hedychium gardnerianum";2019;"2550137347";"DWC_ARCHIVE";"iNaturalist";6481731,23174689;2737882,83125708;"NZMG"
8;"Hedychium gardnerianum";2015;"2350302934";"DWC_ARCHIVE";"iNaturalist";6500143,08219922;2728944,74669878;"NZMG"
8;"Hedychium gardnerianum";2014;"1065588351";"DWC_ARCHIVE";"iNaturalist";6516353,37152129;2731214,29573119;"NZMG"
9;"Hedychium gardnerianum";2021;"3058814872";"DWC_ARCHIVE";"iNaturalist";6439541,05675817;2678419,82636836;"NZMG"
9;"Hedychium gardnerianum";2021;"3090904374";"DWC_ARCHIVE";"iNaturalist";6365254,58840642;2693770,74722867;"NZMG"
9;"Hedychium gardnerianum";2020;"2859969719";"DWC_ARCHIVE";"iNaturalist";6375698,98111416;2674071,07491919;"NZMG"
9;"Hedychium gardnerianum";2017;"1935634363";"DWC_ARCHIVE";"iNaturalist";6449738,27510668;2652983,38014603;"NZMG"
10;"Hedychium gardnerianum";2022;"3743047295";"DWC_ARCHIVE";"iNaturalist";6386060,98933761;2787238,84471689;"NZMG"
10;"Hedychium gardnerianum";2021;"3031938315";"DWC_ARCHIVE";"iNaturalist";6382403,48994447;2785911,96947225;"NZMG"
10;"Hedychium gardnerianum";2021;"3039237912";"DWC_ARCHIVE";"iNaturalist";6410954,82286532;2774399,37371526;"NZMG"
10;"Hedychium gardnerianum";2021;"3061529760";"DWC_ARCHIVE";"iNaturalist";6386920,76262737;2788762,76331649;"NZMG"
10;"Hedychium gardnerianum";2021;"3070768212";"DWC_ARCHIVE";"iNaturalist";6374696,05994837;2714501,35428327;"NZMG"
10;"Hedychium gardnerianum";2021;"3090926882";"DWC_ARCHIVE";"iNaturalist";6379178,47160789;2799829,25242596;"NZMG"
10;"Hedychium gardnerianum";2021;"3118519311";"DWC_ARCHIVE";"iNaturalist";6399025,26341431;2700396,46651599;"NZMG"
10;"Hedychium gardnerianum";2021;"3344079373";"DWC_ARCHIVE";"iNaturalist";6399103,31512517;2700319,1491523;"NZMG"
10;"Hedychium gardnerianum";2021;"3302536268";"DWC_ARCHIVE";"iNaturalist";6447498,03048144;2737790,94195361;"NZMG"
10;"Hedychium gardnerianum";2021;"3307308122";"DWC_ARCHIVE";"iNaturalist";6449694,87832541;2735392,87879147;"NZMG"
10;"Hedychium gardnerianum";2021;"3338001017";"DWC_ARCHIVE";"iNaturalist";6370615,36551472;2799638,23530995;"NZMG"
10;"Hedychium gardnerianum";2021;"3343965981";"DWC_ARCHIVE";"iNaturalist";6386647,71911422;2786917,76934782;"NZMG"
10;"Hedychium gardnerianum";2021;"3344105422";"DWC_ARCHIVE";"iNaturalist";6408569,35921764;2771190,95658336;"NZMG"
10;"Hedychium gardnerianum";2020;"2647071783";"DWC_ARCHIVE";NA;6374723,09069965;2798763,05288585;"NZMG"
10;"Hedychium gardnerianum";2020;"2980890340";"DWC_ARCHIVE";"iNaturalist";6380983,24197355;2711467,23678004;"NZMG"
10;"Hedychium gardnerianum";2020;"2823295757";"DWC_ARCHIVE";"iNaturalist";6387327,33916706;2786309,95975725;"NZMG"
10;"Hedychium gardnerianum";2020;"2868310403";"DWC_ARCHIVE";"iNaturalist";6394252,79764458;2764115,28904666;"NZMG"
10;"Hedychium gardnerianum";2019;"2644486067";"DWC_ARCHIVE";NA;6444101,4266743;2765210,60609832;"NZMG"
10;"Hedychium gardnerianum";2019;"2649568563";"DWC_ARCHIVE";NA;6405518,14309679;2768102,09837937;"NZMG"
10;"Hedychium gardnerianum";2018;"2802546362";"DWC_ARCHIVE";"iNaturalist";6384498,8558007;2791767,99103969;"NZMG"
10;"Hedychium gardnerianum";2017;"2006103706";"DWC_ARCHIVE";"iNaturalist";6427848,76043443;2765759,72160669;"NZMG"
10;"Hedychium gardnerianum";2016;"1262389225";"DWC_ARCHIVE";"iNaturalist";6447506,79340502;2737537,99902217;"NZMG"
10;"Hedychium gardnerianum";2016;"1262389267";"DWC_ARCHIVE";"iNaturalist";6447392,05935209;2737432,30112167;"NZMG"
10;"Hedychium gardnerianum";2016;"1262389309";"DWC_ARCHIVE";"iNaturalist";6447426,38372922;2737673,42351394;"NZMG"
10;"Hedychium gardnerianum";2016;"1305172567";"DWC_ARCHIVE";"iNaturalist";6391697,75242869;2779043,80836792;"NZMG"
10;"Hedychium gardnerianum";2016;"1305172832";"DWC_ARCHIVE";"iNaturalist";6391311,06384125;2778788,46939129;"NZMG"
10;"Hedychium gardnerianum";2013;"2244338672";"DWC_ARCHIVE";"iNaturalist";6384452,50523747;2787342,97259319;"NZMG"
10;"Hedychium gardnerianum";2011;"1091133928";"DWC_ARCHIVE";"CHR";6381771,30273934;2790408,3287478;"NZMG"
11;"Hedychium gardnerianum";2021;"3337776753";"DWC_ARCHIVE";"iNaturalist";6377272,16129011;2814935,15239158;"NZMG"
11;"Hedychium gardnerianum";2021;"3337785119";"DWC_ARCHIVE";"iNaturalist";6362554,83141853;2837981,04103961;"NZMG"
11;"Hedychium gardnerianum";2020;"2818744260";"DWC_ARCHIVE";"iNaturalist";6369244,70973285;2803751,81915769;"NZMG"
11;"Hedychium gardnerianum";2020;"2868136695";"DWC_ARCHIVE";"iNaturalist";6377853,06535935;2815769,02572905;"NZMG"
12;"Hedychium gardnerianum";2021;"3333145184";"DWC_ARCHIVE";"iNaturalist";6364252,13064333;2917083,92473769;"NZMG"
12;"Hedychium gardnerianum";2020;"2550145291";"DWC_ARCHIVE";"iNaturalist";6379745,0955504;2932425,42573115;"NZMG"
12;"Hedychium gardnerianum";2018;"1831186945";"DWC_ARCHIVE";"iNaturalist";6380133,96174196;2932904,37791818;"NZMG"
12;"Hedychium gardnerianum";2016;"1453260001";"DWC_ARCHIVE";"iNaturalist";6387364,27796419;2976939,3773102;"NZMG"
12;"Hedychium gardnerianum";2016;"1453260019";"DWC_ARCHIVE";"iNaturalist";6387342,32587825;2976953,49076021;"NZMG"
12;"Hedychium gardnerianum";2016;"1453260023";"DWC_ARCHIVE";"iNaturalist";6387353,33834044;2977204,6253731;"NZMG"
12;"Hedychium gardnerianum";2016;"1453280935";"DWC_ARCHIVE";"iNaturalist";6387344,14020687;2976952,88889389;"NZMG"
12;"Hedychium gardnerianum";2016;"1849339040";"DWC_ARCHIVE";"CHR";6387353,33834044;2977204,6253731;"NZMG"
13;"Hedychium gardnerianum";2022;"3468941578";"DWC_ARCHIVE";"iNaturalist";6349213,79465461;2682387,5697892;"NZMG"
13;"Hedychium gardnerianum";2022;"3705507733";"DWC_ARCHIVE";"iNaturalist";6346880,52205877;2669813,34959326;"NZMG"
13;"Hedychium gardnerianum";2020;"2851053106";"DWC_ARCHIVE";"iNaturalist";6347444,68267386;2692953,0990749;"NZMG"
14;"Hedychium gardnerianum";2021;"3455993490";"DWC_ARCHIVE";"iNaturalist";6336111,75173891;2795978,60138873;"NZMG"
15;"Hedychium gardnerianum";2022;"3456627634";"DWC_ARCHIVE";"iNaturalist";6348577,18645345;2876303,19562079;"NZMG"
15;"Hedychium gardnerianum";2022;"3457156182";"DWC_ARCHIVE";"iNaturalist";6348603,08589037;2875758,57225461;"NZMG"
15;"Hedychium gardnerianum";2019;"2242898542";"DWC_ARCHIVE";"iNaturalist";6351149,16108549;2865974,87196734;"NZMG"
15;"Hedychium gardnerianum";2019;"2649710774";"DWC_ARCHIVE";NA;6352047,18143693;2861787,35505644;"NZMG"
17;"Hedychium gardnerianum";2021;"3044668566";"DWC_ARCHIVE";"iNaturalist";6237852,53503123;2598668,50171816;"NZMG"
17;"Hedychium gardnerianum";2020;"2641425630";"DWC_ARCHIVE";"iNaturalist";6232420,92283601;2592919,73454028;"NZMG"
17;"Hedychium gardnerianum";2019;"2028492562";"DWC_ARCHIVE";"iNaturalist";6200730,45603316;2596247,03285174;"NZMG"
17;"Hedychium gardnerianum";2019;"2234741686";"DWC_ARCHIVE";"iNaturalist";6200590,31553755;2596154,77320942;"NZMG"
17;"Hedychium gardnerianum";2019;"2273299529";"DWC_ARCHIVE";"iNaturalist";6237297,84570527;2599763,92864087;"NZMG"
17;"Hedychium gardnerianum";2018;"1890073597";"DWC_ARCHIVE";"iNaturalist";6231248,55389344;2592724,96950003;"NZMG"
17;"Hedychium gardnerianum";2018;"1890706966";"DWC_ARCHIVE";"iNaturalist";6222951,19942722;2585805,80329814;"NZMG"
17;"Hedychium gardnerianum";2018;"1890707045";"DWC_ARCHIVE";"iNaturalist";6223105,10427589;2585599,11299613;"NZMG"
17;"Hedychium gardnerianum";2018;"1890707183";"DWC_ARCHIVE";"iNaturalist";6223105,18110399;2585656,04495247;"NZMG"
18;"Hedychium gardnerianum";2022;"3772460974";"DWC_ARCHIVE";"iNaturalist";6230849,94916666;2607277,89536075;"NZMG"
18;"Hedychium gardnerianum";2022;"3772621153";"DWC_ARCHIVE";"iNaturalist";6230933,77441206;2607260,4034032;"NZMG"
18;"Hedychium gardnerianum";2022;"3772709827";"DWC_ARCHIVE";"iNaturalist";6230883,01535077;2607270,71957585;"NZMG"
18;"Hedychium gardnerianum";2022;"3772733294";"DWC_ARCHIVE";"iNaturalist";6230863,58056389;2607271,2426528;"NZMG"
18;"Hedychium gardnerianum";2022;"3772746079";"DWC_ARCHIVE";"iNaturalist";6230909,6828699;2607277,38268288;"NZMG"
18;"Hedychium gardnerianum";2022;"3772880655";"DWC_ARCHIVE";"iNaturalist";6229767,40206031;2607262,72824225;"NZMG"
18;"Hedychium gardnerianum";2022;"3772880855";"DWC_ARCHIVE";"iNaturalist";6229865,16097341;2607317,0159068;"NZMG"
18;"Hedychium gardnerianum";2022;"3773151279";"DWC_ARCHIVE";"iNaturalist";6238390,37613169;2606618,7948276;"NZMG"
18;"Hedychium gardnerianum";2022;"3773364861";"DWC_ARCHIVE";"iNaturalist";6230804,65004071;2607227,4897187;"NZMG"
18;"Hedychium gardnerianum";2022;"3773664783";"DWC_ARCHIVE";"iNaturalist";6234953,95946832;2603105,87276311;"NZMG"
18;"Hedychium gardnerianum";2022;"3773749589";"DWC_ARCHIVE";"iNaturalist";6237054,02731772;2605424,50437826;"NZMG"
18;"Hedychium gardnerianum";2021;"3058749226";"DWC_ARCHIVE";"iNaturalist";6236063,07480825;2600476,04556138;"NZMG"
18;"Hedychium gardnerianum";2021;"3058756151";"DWC_ARCHIVE";"iNaturalist";6236052,80611714;2600489,59204015;"NZMG"
18;"Hedychium gardnerianum";2021;"3302134301";"DWC_ARCHIVE";"iNaturalist";6244644,24606743;2630687,87674564;"NZMG"
18;"Hedychium gardnerianum";2021;"3385119234";"DWC_ARCHIVE";"iNaturalist";6237636,87044958;2603134,32155045;"NZMG"
18;"Hedychium gardnerianum";2020;"2859972784";"DWC_ARCHIVE";"iNaturalist";6238744,62111564;2604357,24558161;"NZMG"
18;"Hedychium gardnerianum";2020;"2901678271";"DWC_ARCHIVE";"iNaturalist";6236084,43794197;2600490,23967898;"NZMG"
18;"Hedychium gardnerianum";2020;"2980888323";"DWC_ARCHIVE";"iNaturalist";6238607,15558796;2604559,26026074;"NZMG"
18;"Hedychium gardnerianum";2019;"1993735675";"DWC_ARCHIVE";"iNaturalist";6235184,5497075;2605326,76210677;"NZMG"
18;"Hedychium gardnerianum";2019;"2234809108";"DWC_ARCHIVE";"iNaturalist";6235324,46091503;2602359,9242974;"NZMG"
18;"Hedychium gardnerianum";2019;"2273288055";"DWC_ARCHIVE";"iNaturalist";6249955,54278282;2642614,85837385;"NZMG"
18;"Hedychium gardnerianum";2019;"2460000542";"DWC_ARCHIVE";"iNaturalist";6236618,70236742;2617041,95492774;"NZMG"
18;"Hedychium gardnerianum";2019;"2350421131";"DWC_ARCHIVE";"iNaturalist";6237679,19081492;2601373,07929955;"NZMG"
18;"Hedychium gardnerianum";2019;"2366039709";"DWC_ARCHIVE";"iNaturalist";6237702,39953555;2601390,50408051;"NZMG"
18;"Hedychium gardnerianum";2019;"2366039766";"DWC_ARCHIVE";"iNaturalist";6237685,75863434;2601380,60413074;"NZMG"
18;"Hedychium gardnerianum";2019;"2366094081";"DWC_ARCHIVE";"iNaturalist";6237607,14944855;2601444,11173942;"NZMG"
18;"Hedychium gardnerianum";2019;"2366098517";"DWC_ARCHIVE";"iNaturalist";6237612,66933602;2601365,93741566;"NZMG"
18;"Hedychium gardnerianum";2019;"2397542459";"DWC_ARCHIVE";"iNaturalist";6237975,47876464;2604697,63505566;"NZMG"
18;"Hedychium gardnerianum";2019;"2423138648";"DWC_ARCHIVE";"iNaturalist";6229380,94912624;2617653,30710038;"NZMG"
18;"Hedychium gardnerianum";2019;"2423143120";"DWC_ARCHIVE";"iNaturalist";6229371,83414776;2617646,43123633;"NZMG"
18;"Hedychium gardnerianum";2018;"1898823297";"DWC_ARCHIVE";"iNaturalist";6235305,24523291;2602378,46018572;"NZMG"
18;"Hedychium gardnerianum";2018;"1913202142";"DWC_ARCHIVE";"iNaturalist";6238426,18415666;2618276,01707348;"NZMG"
18;"Hedychium gardnerianum";2018;"1913202198";"DWC_ARCHIVE";"iNaturalist";6238429,24189661;2618287,14153657;"NZMG"
18;"Hedychium gardnerianum";2018;"1913202221";"DWC_ARCHIVE";"iNaturalist";6238448,62529312;2618290,19338364;"NZMG"
18;"Hedychium gardnerianum";2018;"1913202236";"DWC_ARCHIVE";"iNaturalist";6238429,36519269;2618278,66019854;"NZMG"
18;"Hedychium gardnerianum";2017;"1562943996";"DWC_ARCHIVE";"iNaturalist";6255235,32439377;2648838,95908985;"NZMG"
18;"Hedychium gardnerianum";2017;"1621797771";"DWC_ARCHIVE";"iNaturalist";6255293,12544541;2648859,10973316;"NZMG"
18;"Hedychium gardnerianum";2016;"2244335914";"DWC_ARCHIVE";"iNaturalist";6236592,34845323;2602902,55398605;"NZMG"
18;"Hedychium gardnerianum";2016;"1935632478";"DWC_ARCHIVE";"iNaturalist";6237164,21366629;2602759,67385593;"NZMG"
18;"Hedychium gardnerianum";2016;"1323026459";"DWC_ARCHIVE";"iNaturalist";6235415,0759763;2605760,90016683;"NZMG"
18;"Hedychium gardnerianum";2013;"1273859095";"DWC_ARCHIVE";"iNaturalist";6237243,68961445;2603474,0849284;"NZMG"
25;"Hedychium gardnerianum";2022;"3698274806";"DWC_ARCHIVE";"iNaturalist";6090733,66610138;2733356,78814892;"NZMG"
25;"Hedychium gardnerianum";2020;"2856735269";"DWC_ARCHIVE";"iNaturalist";6110698,08096997;2713241,13789083;"NZMG"
27;"Hedychium gardnerianum";2022;"3468946568";"DWC_ARCHIVE";"iNaturalist";6051600,55960611;2482599,00783376;"NZMG"
27;"Hedychium gardnerianum";2021;"3039112174";"DWC_ARCHIVE";"iNaturalist";6010452,09605038;2434930,80424545;"NZMG"
28;"Hedychium gardnerianum";2021;"3399386009";"DWC_ARCHIVE";"iNaturalist";6017703,98331229;2574682,07271996;"NZMG"
28;"Hedychium gardnerianum";2020;"2856528971";"DWC_ARCHIVE";"iNaturalist";5993911,68775643;2534859,09403873;"NZMG"
28;"Hedychium gardnerianum";2019;"2242976575";"DWC_ARCHIVE";"iNaturalist";5984014,30777266;2525962,6388166;"NZMG"
28;"Hedychium gardnerianum";2018;"1847615352";"DWC_ARCHIVE";"iNaturalist";5997954,55398953;2537588,2608692;"NZMG"
29;"Hedychium gardnerianum";2022;"3466404766";"DWC_ARCHIVE";"iNaturalist";6034720,8415282;2684170,86555314;"NZMG"
29;"Hedychium gardnerianum";2022;"3698238806";"DWC_ARCHIVE";"iNaturalist";6000350,52003618;2671995,79224646;"NZMG"
29;"Hedychium gardnerianum";2022;"3772856779";"DWC_ARCHIVE";"iNaturalist";6000678,0229784;2671727,18600266;"NZMG"
29;"Hedychium gardnerianum";2021;"3337443981";"DWC_ARCHIVE";"iNaturalist";5999952,96788736;2671618,15025607;"NZMG"
29;"Hedychium gardnerianum";2020;"2573851844";"DWC_ARCHIVE";"iNaturalist";6001306,76400939;2671906,96204515;"NZMG"
29;"Hedychium gardnerianum";2020;"2647022694";"DWC_ARCHIVE";NA;6033634,22323765;2678909,61490318;"NZMG"
29;"Hedychium gardnerianum";2020;"2650055685";"DWC_ARCHIVE";NA;5997844,97724467;2670111,7059673;"NZMG"
29;"Hedychium gardnerianum";2020;"2650092508";"DWC_ARCHIVE";NA;6002938,43239374;2676041,54770915;"NZMG"
29;"Hedychium gardnerianum";2020;"2579274561";"DWC_ARCHIVE";"iNaturalist";6000395,65176222;2670803,11245428;"NZMG"
29;"Hedychium gardnerianum";2020;"2596123273";"DWC_ARCHIVE";"iNaturalist";5999995,89700456;2671065,46178275;"NZMG"
29;"Hedychium gardnerianum";2020;"2596179339";"DWC_ARCHIVE";"iNaturalist";5999998,48157028;2671160,16818176;"NZMG"
29;"Hedychium gardnerianum";2020;"2597951937";"DWC_ARCHIVE";"iNaturalist";6016874,30170036;2668109,80779924;"NZMG"
29;"Hedychium gardnerianum";2020;"2603475427";"DWC_ARCHIVE";"iNaturalist";6034720,8415282;2684170,86555314;"NZMG"
29;"Hedychium gardnerianum";2020;"2609187963";"DWC_ARCHIVE";"iNaturalist";6000811,20298232;2670909,22909551;"NZMG"
29;"Hedychium gardnerianum";2020;"2609322796";"DWC_ARCHIVE";"iNaturalist";6000122,57268004;2670972,33286034;"NZMG"
29;"Hedychium gardnerianum";2020;"2626421861";"DWC_ARCHIVE";"iNaturalist";5999877,13330032;2671490,61748755;"NZMG"
29;"Hedychium gardnerianum";2020;"2814420667";"DWC_ARCHIVE";"iNaturalist";6002931,37041095;2663946,19097651;"NZMG"
29;"Hedychium gardnerianum";2019;"2005360076";"DWC_ARCHIVE";"iNaturalist";6050811,41895574;2696462,85995452;"NZMG"
29;"Hedychium gardnerianum";2019;"2006047973";"DWC_ARCHIVE";"iNaturalist";6032562,81576863;2680979,9204288;"NZMG"
29;"Hedychium gardnerianum";2019;"2012969272";"DWC_ARCHIVE";"iNaturalist";6001993,00080629;2663017,74314169;"NZMG"
29;"Hedychium gardnerianum";2019;"2242881857";"DWC_ARCHIVE";"iNaturalist";6000301,79823065;2670483,27919973;"NZMG"
29;"Hedychium gardnerianum";2019;"2242884688";"DWC_ARCHIVE";"iNaturalist";6000388,65673681;2670590,07072683;"NZMG"
29;"Hedychium gardnerianum";2019;"2244257164";"DWC_ARCHIVE";"iNaturalist";6033218,18023255;2680502,99285786;"NZMG"
29;"Hedychium gardnerianum";2019;"2350320797";"DWC_ARCHIVE";"iNaturalist";5997477,01017614;2674003,47661123;"NZMG"
29;"Hedychium gardnerianum";2017;"1500243228";"DWC_ARCHIVE";"iNaturalist";5999463,97986024;2671088,85582106;"NZMG"
29;"Hedychium gardnerianum";2017;"1500328712";"DWC_ARCHIVE";"iNaturalist";6001961,03830597;2674225,01606176;"NZMG"
29;"Hedychium gardnerianum";2017;"1699372592";"DWC_ARCHIVE";"iNaturalist";6001716,71230025;2664856,22219636;"NZMG"
29;"Hedychium gardnerianum";2016;"1315069273";"DWC_ARCHIVE";"iNaturalist";6017606,65176337;2669312,46917798;"NZMG"
29;"Hedychium gardnerianum";2015;"1305116226";"DWC_ARCHIVE";"iNaturalist";6045167,97317937;2690423,48741116;"NZMG"
29;"Hedychium gardnerianum";2014;"1052596735";"DWC_ARCHIVE";"iNaturalist";6043903,28668428;2685962,00903271;"NZMG"
31;"Hedychium gardnerianum";2021;"3044701877";"DWC_ARCHIVE";"iNaturalist";5859453,40089852;2361830,25000103;"NZMG"
31;"Hedychium gardnerianum";2021;"3337709397";"DWC_ARCHIVE";"iNaturalist";5856992,51929952;2360480,53641187;"NZMG"
31;"Hedychium gardnerianum";2020;"2580240819";"DWC_ARCHIVE";"iNaturalist";5898854,05111282;2372366,08864567;"NZMG"
31;"Hedychium gardnerianum";2020;"2596432748";"DWC_ARCHIVE";"iNaturalist";5858095,14009715;2362136,79629293;"NZMG"
31;"Hedychium gardnerianum";2020;"3455241587";"DWC_ARCHIVE";"iNaturalist";5898610,44089509;2372554,8228547;"NZMG"
31;"Hedychium gardnerianum";2020;"3455241589";"DWC_ARCHIVE";"iNaturalist";5898536,88837433;2372498,60553124;"NZMG"
31;"Hedychium gardnerianum";2019;"2331871284";"DWC_ARCHIVE";"iNaturalist";5938159,03168077;2393856,38168453;"NZMG"
31;"Hedychium gardnerianum";2017;"2006102096";"DWC_ARCHIVE";"iNaturalist";5937795,81786043;2393309,75321014;"NZMG"
31;"Hedychium gardnerianum";2016;"1500220111";"DWC_ARCHIVE";"iNaturalist";5882972,77795807;2372186,63660651;"NZMG"
31;"Hedychium gardnerianum";2012;"2006103726";"DWC_ARCHIVE";"iNaturalist";5898288,2862619;2372242,89760277;"NZMG"
37;"Hedychium gardnerianum";2021;"3337411129";"DWC_ARCHIVE";"iNaturalist";5853690,14452508;2360393,85475825;"NZMG"
37;"Hedychium gardnerianum";2019;"2028445746";"DWC_ARCHIVE";"iNaturalist";5831893,56394162;2344676,32466822;"NZMG"
37;"Hedychium gardnerianum";2017;"1571113204";"DWC_ARCHIVE";"iNaturalist";5851063,49552869;2358357,20774068;"NZMG"
43;"Hedychium gardnerianum";2018;"1837080260";"DWC_ARCHIVE";"iNaturalist";5737805,278096;2490421,68458866;"NZMG"
43;"Hedychium gardnerianum";2017;"2006102855";"DWC_ARCHIVE";"iNaturalist";5738714,46087194;2488304,92785682;"NZMG"
